VideoID,VideoTitle,DateOfPublic,PlaylistID,PlaylistTitle,views,likes,dislikes,comments,Favorites
JEexIgFkMjI,Lindsey Stirling - Lose You Now (feat. Mako),2021-01-13T23:37:52Z,PLETuopLfmKSPzPnJqXoKrpaFsB4COvhYe,Artemis,2476715,111290,1365,4162,0
VgzTfdzj_Ho,Lindsey Stirling - Guardian,2020-11-07T02:17:38Z,PLETuopLfmKSPzPnJqXoKrpaFsB4COvhYe,Artemis,3461370,156074,1530,6634,0
oQrIbBqV2Ew,Lindsey Stirling - Til The Light Goes Out (Official Video),2020-09-19T00:08:46Z,PLETuopLfmKSPzPnJqXoKrpaFsB4COvhYe,Artemis,5572705,199583,2747,5554,0
b50Gb3bPNI8,Lindsey Stirling - Between Twilight (Official Video),2020-08-10T18:25:36Z,PLETuopLfmKSPzPnJqXoKrpaFsB4COvhYe,Artemis,4182124,172958,1096,5103,0
jyvcg72-reA,Lindsey Stirling - Sleepwalking (Official Video),2020-08-10T18:25:43Z,PLETuopLfmKSPzPnJqXoKrpaFsB4COvhYe,Artemis,5489802,189731,1955,5422,0
VsN7E35LpJE,Lindsey Stirling - Artemis (Official Video),2020-08-10T18:25:50Z,PLETuopLfmKSPzPnJqXoKrpaFsB4COvhYe,Artemis,14338748,383318,3593,11472,0
R8ALe-nVzd8,Lindsey Stirling - The Upside (ft. Elle King) [Official Video],2020-08-10T18:26:08Z,PLETuopLfmKSPzPnJqXoKrpaFsB4COvhYe,Artemis,3177419,94174,1985,2876,0
EJ09pSuA9hw,Lindsey Stirling - Underground (Official Video),2020-08-10T18:26:17Z,PLETuopLfmKSPzPnJqXoKrpaFsB4COvhYe,Artemis,13871293,398273,4178,11820,0
TGNJbrZnIJg,Lindsey Stirling Live: The Artemis Reprise,2020-08-20T23:04:57Z,PLETuopLfmKSPzPnJqXoKrpaFsB4COvhYe,Artemis,408579,16370,244,590,0
lxC6AT_aasM,Lindsey Stirling - String Sessions with Bishop Briggs,2020-07-16T21:39:38Z,PLETuopLfmKSPFH0DEao74tcHQQr0wRRTX,String Sessions with Lindsey Stirling,633821,31337,594,987,0
VzPZoffAHn4,Lindsey Stirling - String Sessions with LP,2020-07-09T21:57:37Z,PLETuopLfmKSPFH0DEao74tcHQQr0wRRTX,String Sessions with Lindsey Stirling,351736,23540,318,1085,0
zyWiwuW2ULI,Lindsey Stirling - String Sessions with Jewel,2020-06-29T20:46:35Z,PLETuopLfmKSPFH0DEao74tcHQQr0wRRTX,String Sessions with Lindsey Stirling,280710,12795,373,604,0
QU9oIvnXKYk,Lindsey Stirling - String Sessions with Johnny Rzeznik of Goo Goo Dolls,2020-06-18T04:14:08Z,PLETuopLfmKSPFH0DEao74tcHQQr0wRRTX,String Sessions with Lindsey Stirling,244363,15762,311,760,0
9JRN8Cymj_8,Lindsey Stirling - String Sessions with Gabby Barrett,2020-05-28T22:06:42Z,PLETuopLfmKSPFH0DEao74tcHQQr0wRRTX,String Sessions with Lindsey Stirling,297976,15142,262,720,0
U6hMlduQZ2k,"Lindsey Stirling - String Sessions with JP Saxe, Julia Michaels",2020-05-21T21:51:34Z,PLETuopLfmKSPFH0DEao74tcHQQr0wRRTX,String Sessions with Lindsey Stirling,251051,12904,317,532,0
t2N99PZpQ_A,Lindsey Stirling - String Sessions with Amy Lee of Evanescence,2020-05-15T01:38:49Z,PLETuopLfmKSPFH0DEao74tcHQQr0wRRTX,String Sessions with Lindsey Stirling,888412,61110,440,2034,0
57tA4w5ZF0c,"Lindsey Stirling - String Sessions with Andy Grammer, R3HAB",2020-05-08T11:57:58Z,PLETuopLfmKSPFH0DEao74tcHQQr0wRRTX,String Sessions with Lindsey Stirling,287643,14811,197,564,0
LA7e4qqb514,Airport Lounging,2017-01-23T05:18:25Z,PLETuopLfmKSONQWIVS0vbs9n5bkGjrYvy,Live Stream,65880,2710,43,452,0
gF6ufwUoMtQ,Holidays With The Team,2017-01-23T05:26:17Z,PLETuopLfmKSONQWIVS0vbs9n5bkGjrYvy,Live Stream,32840,1637,18,128,0
QnsUIRlD5gw,Tour Prank - Shawn Hook,2017-01-23T05:26:31Z,PLETuopLfmKSONQWIVS0vbs9n5bkGjrYvy,Live Stream,50359,1812,51,150,0
q9IPDIsgPLA,Simple Fashion,2017-01-23T05:28:46Z,PLETuopLfmKSONQWIVS0vbs9n5bkGjrYvy,Live Stream,73817,2823,51,295,0
g9_QPM33iJE,Christmas Ideas,2017-01-23T05:29:01Z,PLETuopLfmKSONQWIVS0vbs9n5bkGjrYvy,Live Stream,32650,1626,6,132,0
URJlt2mB34Y,Home Sweet Home,2017-01-23T05:30:07Z,PLETuopLfmKSONQWIVS0vbs9n5bkGjrYvy,Live Stream,58207,3879,22,552,0
6lBeWmgvE8w,Abs With Lindsey!,2017-01-23T05:30:16Z,PLETuopLfmKSONQWIVS0vbs9n5bkGjrYvy,Live Stream,61572,2236,58,227,0
fpnOvprAsMU,Made It To Canada,2017-01-23T05:30:30Z,PLETuopLfmKSONQWIVS0vbs9n5bkGjrYvy,Live Stream,61274,3272,29,396,0
19WHe6EYuxw,Nashville Wander,2017-01-23T05:30:35Z,PLETuopLfmKSONQWIVS0vbs9n5bkGjrYvy,Live Stream,33049,2134,10,262,0
JOmEJwLMjuk,Lindsey Stirling - Lose You Now (Behind the Scenes),2021-01-31T20:48:02Z,PLETuopLfmKSPXx-DAdq8fXA00WRb6rh1A,Recent Uploads,246248,10964,146,518,0
JEexIgFkMjI,Lindsey Stirling - Lose You Now (feat. Mako),2021-01-13T23:37:52Z,PLETuopLfmKSPXx-DAdq8fXA00WRb6rh1A,Recent Uploads,2476715,111290,1365,4162,0
C8md6yJkUY4,Lindsey Stirling -  Crystallize (from Home For The Holidays),2020-12-21T18:01:15Z,PLETuopLfmKSPXx-DAdq8fXA00WRb6rh1A,Recent Uploads,1486369,87847,1238,6903,0
Aky-J-b9LcU,Home For The Holidays - Hair Hanging Vlog,2020-12-19T01:53:25Z,PLETuopLfmKSPXx-DAdq8fXA00WRb6rh1A,Recent Uploads,364037,21636,1240,2561,0
bmS48ywSy7M,Home For the Holidays Special,2020-12-15T22:00:48Z,PLETuopLfmKSPXx-DAdq8fXA00WRb6rh1A,Recent Uploads,380055,17202,211,545,0
IFsDAoCHYiQ,Lindsey Stirling - Angels We Have Heard On High (Official Video),2020-12-01T23:37:32Z,PLETuopLfmKSPXx-DAdq8fXA00WRb6rh1A,Recent Uploads,1585643,89811,545,3672,0
VgzTfdzj_Ho,Lindsey Stirling - Guardian,2020-11-07T02:17:38Z,PLETuopLfmKSPXx-DAdq8fXA00WRb6rh1A,Recent Uploads,3461370,156074,1530,6634,0
XcqSUTD0T5c,Lindsey Stirling - Til The Light Goes Out (Behind The Scenes),2020-09-25T18:43:33Z,PLETuopLfmKSPXx-DAdq8fXA00WRb6rh1A,Recent Uploads,328204,12820,153,725,0
LajoGwz0Y2s,Lindsey Stirling - Til The Light Goes Out (Live Stream),2020-09-19T00:21:17Z,PLETuopLfmKSPXx-DAdq8fXA00WRb6rh1A,Recent Uploads,324709,10947,223,490,0
oQrIbBqV2Ew,Lindsey Stirling - Til The Light Goes Out (Official Video),2020-09-19T00:08:46Z,PLETuopLfmKSPXx-DAdq8fXA00WRb6rh1A,Recent Uploads,5572705,199583,2747,5554,0
TGNJbrZnIJg,Lindsey Stirling Live: The Artemis Reprise,2020-08-21T23:16:19Z,PLETuopLfmKSPXx-DAdq8fXA00WRb6rh1A,Recent Uploads,408579,16370,244,590,0
-OVO8ZJ-IpI,Lindsey Stirling - What You're Made Of (ft. Kiesza) [Azur Lane Soundtrack],2020-08-12T16:05:08Z,PLETuopLfmKSPXx-DAdq8fXA00WRb6rh1A,Recent Uploads,1413993,61541,790,1936,0
woOl2B3jvtM,Thank You for 100 Videos and 3 Billion Views!,2020-07-21T04:29:39Z,PLETuopLfmKSPXx-DAdq8fXA00WRb6rh1A,Recent Uploads,198995,22146,115,1982,0
lxC6AT_aasM,Lindsey Stirling - String Sessions with Bishop Briggs,2020-07-16T21:39:38Z,PLETuopLfmKSPXx-DAdq8fXA00WRb6rh1A,Recent Uploads,633821,31337,594,987,0
VzPZoffAHn4,Lindsey Stirling - String Sessions with LP,2020-07-09T21:57:37Z,PLETuopLfmKSPXx-DAdq8fXA00WRb6rh1A,Recent Uploads,351736,23540,318,1085,0
zyWiwuW2ULI,Lindsey Stirling - String Sessions with Jewel,2020-06-29T20:46:35Z,PLETuopLfmKSPXx-DAdq8fXA00WRb6rh1A,Recent Uploads,280710,12795,373,604,0
oWY44CDtvpg,Lindsey Stirling - Between Twilight (Behind The Scenes),2020-06-26T02:41:02Z,PLETuopLfmKSPXx-DAdq8fXA00WRb6rh1A,Recent Uploads,254284,14087,144,618,0
b50Gb3bPNI8,Lindsey Stirling - Between Twilight (Official Video),2020-06-20T17:00:19Z,PLETuopLfmKSPXx-DAdq8fXA00WRb6rh1A,Recent Uploads,4182124,172958,1096,5103,0
QU9oIvnXKYk,Lindsey Stirling - String Sessions with Johnny Rzeznik of Goo Goo Dolls,2020-06-18T04:14:08Z,PLETuopLfmKSPXx-DAdq8fXA00WRb6rh1A,Recent Uploads,244363,15762,311,760,0
9JRN8Cymj_8,Lindsey Stirling - String Sessions with Gabby Barrett,2020-05-28T22:06:42Z,PLETuopLfmKSPXx-DAdq8fXA00WRb6rh1A,Recent Uploads,297976,15142,262,720,0
U6hMlduQZ2k,"Lindsey Stirling - String Sessions with JP Saxe, Julia Michaels",2020-05-21T21:51:34Z,PLETuopLfmKSPXx-DAdq8fXA00WRb6rh1A,Recent Uploads,251051,12904,317,532,0
t2N99PZpQ_A,Lindsey Stirling - String Sessions with Amy Lee of Evanescence,2020-05-15T01:38:50Z,PLETuopLfmKSPXx-DAdq8fXA00WRb6rh1A,Recent Uploads,888412,61110,440,2034,0
57tA4w5ZF0c,"Lindsey Stirling - String Sessions with Andy Grammer, R3HAB",2020-05-08T11:57:58Z,PLETuopLfmKSPXx-DAdq8fXA00WRb6rh1A,Recent Uploads,287643,14811,197,564,0
1_laUEMiN2Q,Lindsey Stirling - Sleepwalking (Behind The Scenes),2020-04-28T16:01:11Z,PLETuopLfmKSPXx-DAdq8fXA00WRb6rh1A,Recent Uploads,187002,9445,96,413,0
jyvcg72-reA,Lindsey Stirling - Sleepwalking (Official Video),2020-04-23T02:37:57Z,PLETuopLfmKSPXx-DAdq8fXA00WRb6rh1A,Recent Uploads,5489802,189731,1955,5422,0
h0oclM1Yw2A,Lindsey Stirling Performs Artemis at NASA’s Kennedy Space Center,2020-03-09T21:28:29Z,PLETuopLfmKSPXx-DAdq8fXA00WRb6rh1A,Recent Uploads,997645,57784,1330,2745,0
hY9p4XEIaBU,Lindsey Stirling - The Upside (ft. Elle King) [Fan Lyric Video],2019-11-15T19:32:47Z,PLETuopLfmKSPXx-DAdq8fXA00WRb6rh1A,Recent Uploads,496810,20198,271,1415,0
hY9p4XEIaBU,Lindsey Stirling - The Upside (ft. Elle King) [Fan Lyric Video],2019-11-15T19:32:43Z,PLETuopLfmKSPXx-DAdq8fXA00WRb6rh1A,Recent Uploads,496810,20198,271,1415,0
hY9p4XEIaBU,Lindsey Stirling - The Upside (ft. Elle King) [Fan Lyric Video],2019-11-15T19:32:36Z,PLETuopLfmKSPXx-DAdq8fXA00WRb6rh1A,Recent Uploads,496810,20198,271,1415,0
YRtwJRpEIA0,VOICES - SWITCHFOOT feat. Lindsey Stirling,2019-11-08T00:36:19Z,PLETuopLfmKSPXx-DAdq8fXA00WRb6rh1A,Recent Uploads,2100343,66628,1470,3864,0
7s02dIaFiZ4,Lindsey Stirling - Underground (Behind the Scenes),2019-09-27T17:36:19Z,PLETuopLfmKSPXx-DAdq8fXA00WRb6rh1A,Recent Uploads,265854,11359,153,365,0
XgXBOSS7E5Y,Lindsey Stirling - The Upside (ft. Elle King) [Behind the Scenes],2019-09-16T16:00:10Z,PLETuopLfmKSPXx-DAdq8fXA00WRb6rh1A,Recent Uploads,421898,10140,221,317,0
R8ALe-nVzd8,Lindsey Stirling - The Upside (ft. Elle King) [Official Video],2019-09-09T19:19:42Z,PLETuopLfmKSPXx-DAdq8fXA00WRb6rh1A,Recent Uploads,3177419,94174,1985,2876,0
tAZ-lFjsMjc,Lindsey Stirling - Artemis (Behind the Scenes),2019-09-05T21:36:45Z,PLETuopLfmKSPXx-DAdq8fXA00WRb6rh1A,Recent Uploads,235034,13983,129,642,0
VsN7E35LpJE,Lindsey Stirling - Artemis (Official Video),2019-08-30T16:10:31Z,PLETuopLfmKSPXx-DAdq8fXA00WRb6rh1A,Recent Uploads,14338748,383319,3593,11472,0
mK5Jb1vgrgw,Lindsey Stirling Virtual Concert,2019-08-26T23:45:07Z,PLETuopLfmKSPXx-DAdq8fXA00WRb6rh1A,Recent Uploads,589026,42851,327,1410,0
EJ09pSuA9hw,Lindsey Stirling - Underground (Official Video),2019-09-27T18:30:49Z,PLETuopLfmKSPXx-DAdq8fXA00WRb6rh1A,Recent Uploads,13871319,398273,4178,11820,0
ans3GVdFg60,Lindsey Stirling - Warmer in the Winter (Behind the Scenes),2018-12-13T23:21:25Z,PLETuopLfmKSPXx-DAdq8fXA00WRb6rh1A,Recent Uploads,224134,6487,259,340,0
FTPcvTSxBP0,"You're A Mean One, Mr. Grinch BTS",2018-12-13T23:18:12Z,PLETuopLfmKSPXx-DAdq8fXA00WRb6rh1A,Recent Uploads,281475,9339,252,352,0
_TFwieKKEpk,Lindsey Stirling - Warmer in the Winter (Official Video),2018-12-06T00:11:22Z,PLETuopLfmKSPXx-DAdq8fXA00WRb6rh1A,Recent Uploads,1441636,45198,1516,2013,0
z-oxagtRO7A,Lindsey Stirling - Santa Baby (Official Video),2018-11-30T04:59:59Z,PLETuopLfmKSPXx-DAdq8fXA00WRb6rh1A,Recent Uploads,4146589,101744,7748,6715,0
kQb0DJZLhRM,"Lindsey Stirling - You're A Mean One, Mr. Grinch (ft. Sabrina Carpenter) [Official Video]",2018-11-19T17:10:51Z,PLETuopLfmKSPXx-DAdq8fXA00WRb6rh1A,Recent Uploads,14085291,411434,10424,11472,0
oZ605tx8Gx0,Lindsey Stirling - I Wonder as I Wander (Behind the Scenes),2018-11-03T17:37:56Z,PLETuopLfmKSPXx-DAdq8fXA00WRb6rh1A,Recent Uploads,245411,15595,277,1359,0
4rR8jc6EPQM,Lindsey Stirling - I Wonder As I Wander (Official Video),2018-10-23T17:20:13Z,PLETuopLfmKSPXx-DAdq8fXA00WRb6rh1A,Recent Uploads,7955304,222357,3586,8245,0
ScVWkYZkZFk,Lindsey Stirling - First Light (Official Video),2018-06-28T15:27:03Z,PLETuopLfmKSPXx-DAdq8fXA00WRb6rh1A,Recent Uploads,12146318,174978,2173,6617,0
-9rdDeWzvsU,Lindsey Stirling + Alexander Jean - Stampede (Official Video),2018-06-13T20:31:45Z,PLETuopLfmKSPXx-DAdq8fXA00WRb6rh1A,Recent Uploads,10137902,168343,2565,4461,0
gFyCnSxdAw4,Dancing With The Stars - Best of Mark and Lindsey,2018-01-04T00:28:23Z,PLETuopLfmKSPXx-DAdq8fXA00WRb6rh1A,Recent Uploads,983968,36359,793,1416,0
Na7VFFnqWVI,Lindsey Stirling - Angels We Have Heard on High (Official Video),2017-12-13T18:04:22Z,PLETuopLfmKSPXx-DAdq8fXA00WRb6rh1A,Recent Uploads,2908554,74899,1352,3358,0
EKkzbbLYPuI,Lindsey Stirling - Carol of the Bells (Official Video),2017-12-01T16:01:16Z,PLETuopLfmKSPXx-DAdq8fXA00WRb6rh1A,Recent Uploads,52086743,914558,13223,20731,0
D-dwmYeLLng,Lindsey Stirling - Christmas C'mon (ft. Becky G) [Official Video],2017-11-16T14:01:52Z,PLETuopLfmKSPXx-DAdq8fXA00WRb6rh1A,Recent Uploads,9011123,164189,4444,5406,0
0RkSy6ElNIY,Lindsey Stirling - Dance of the Sugar Plum Fairy (Official Video),2017-10-24T15:00:48Z,PLETuopLfmKSPXx-DAdq8fXA00WRb6rh1A,Recent Uploads,21046148,377524,6728,10152,0
xqKVi_qmsME,Lindsey Stirling - Warmer in the Winter (Album Tease),2017-10-20T16:09:45Z,PLETuopLfmKSPXx-DAdq8fXA00WRb6rh1A,Recent Uploads,1139022,34405,586,1088,0
11S5tcT2Tm0,Lindsey Stirling - Mirage (ft. Raja Kumari) [Official Video],2017-10-11T14:48:52Z,PLETuopLfmKSPXx-DAdq8fXA00WRb6rh1A,Recent Uploads,18172317,278035,5490,7759,0
mdkWFPrrZVQ,Lindsey Stirling - Boulevard of Broken Dreams (Green Day Cover),2017-08-09T16:01:46Z,PLETuopLfmKSPXx-DAdq8fXA00WRb6rh1A,Recent Uploads,14883129,332697,3140,6719,0
4xcuKEwCDWg,Lindsey Stirling + KHS - It Ain't Me (Selena Gomez & Kygo Cover),2017-07-17T13:59:48Z,PLETuopLfmKSPXx-DAdq8fXA00WRb6rh1A,Recent Uploads,10720362,233728,2566,5527,0
R2BvzGedQsk,Brave Enough Documentary Premiere,2017-06-28T15:02:15Z,PLETuopLfmKSPXx-DAdq8fXA00WRb6rh1A,Recent Uploads,337699,12382,316,646,0
9P4kjROkn8I,Lindsey Stirling - Forgotten City (RiME Soundtrack) [Official Video],2017-05-24T16:02:22Z,PLETuopLfmKSPXx-DAdq8fXA00WRb6rh1A,Recent Uploads,6078031,146746,1575,4749,0
mxMkD-uCeB8,Lindsey Stirling - Lost Girls (Behind the Scenes),2017-05-12T18:40:11Z,PLETuopLfmKSPXx-DAdq8fXA00WRb6rh1A,Recent Uploads,698612,22705,287,954,0
pWn7PYm-W90,Lindsey Stirling - Lost Girls (Official Video),2017-05-11T16:01:05Z,PLETuopLfmKSPXx-DAdq8fXA00WRb6rh1A,Recent Uploads,26032661,340729,4610,8147,0
yqlWvkbbTQQ,LINDSEY STIRLING: BRAVE ENOUGH OFFICIAL TRAILER,2017-05-10T16:01:03Z,PLETuopLfmKSPXx-DAdq8fXA00WRb6rh1A,Recent Uploads,3953797,46394,2798,1616,0
Sny0ZSFHGr8,Lindsey Stirling - Hold My Heart (Acoustic),2017-05-05T14:57:48Z,PLETuopLfmKSPXx-DAdq8fXA00WRb6rh1A,Recent Uploads,882845,39213,394,1348,0
olda6jHy1aI,Lindsey Stirling - Hold My Heart (Behind The Scenes),2017-03-22T18:35:49Z,PLETuopLfmKSPXx-DAdq8fXA00WRb6rh1A,Recent Uploads,372681,11233,273,669,0
BIH2XQZcn9I,Lindsey Stirling - Hold My Heart (ft. Phelba) [Official Video],2017-03-20T07:31:45Z,PLETuopLfmKSPXx-DAdq8fXA00WRb6rh1A,Recent Uploads,3698495,87197,2374,3422,0
X-AjhXhk19U,Lindsey Stirling - Beauty and the Beast (Official Video),2017-03-13T14:18:02Z,PLETuopLfmKSPXx-DAdq8fXA00WRb6rh1A,Recent Uploads,24331676,533876,7565,10305,0
nsZEET-KFp8,Lindsey Stirling - Love's Just a Feeling (Behind the Scenes),2017-03-07T17:37:04Z,PLETuopLfmKSPXx-DAdq8fXA00WRb6rh1A,Recent Uploads,494781,14837,259,670,0
AlYVNyq2i_0,Lindsey Stirling - Love's Just A Feeling (ft. Rooty) [Official Video],2017-03-06T11:01:47Z,PLETuopLfmKSPXx-DAdq8fXA00WRb6rh1A,Recent Uploads,10966448,179716,4195,5663,0
uCTWBHP6lV0,Lindsey Stirling - Hold My Heart (ft. ZZ Ward) [Official Video],2016-11-16T19:43:25Z,PLETuopLfmKSPXx-DAdq8fXA00WRb6rh1A,Recent Uploads,18200380,194680,8549,6313,0
Ygv4T0bH2Sc,Lindsey Stirling - Hold My Heart (ft. ZZ Ward) [Official Lyric Video],2016-10-31T16:40:30Z,PLETuopLfmKSPXx-DAdq8fXA00WRb6rh1A,Recent Uploads,2421425,69321,1280,2009,0
5xO6AWFHVps,Lindsey Stirling - Prism (Official Video),2016-10-14T20:22:26Z,PLETuopLfmKSPXx-DAdq8fXA00WRb6rh1A,Recent Uploads,11271014,210175,4273,9391,0
Px2Xq1b4F6o,Lindsey Stirling + Lang Lang - Spider-Man Theme (Official Video),2016-09-09T15:51:40Z,PLETuopLfmKSPXx-DAdq8fXA00WRb6rh1A,Recent Uploads,2632586,98129,1215,3934,0
ytMqO-WQpQ4,Lindsey Stirling - Something Wild ft. Andrew McMahon in the Wilderness (From Disney's Pete's Dragon),2016-08-02T14:40:59Z,PLETuopLfmKSPXx-DAdq8fXA00WRb6rh1A,Recent Uploads,18259759,246035,5984,8740,0
4MCjU-Du3eI,Lindsey Stirling - The Arena (Official Video),2016-06-28T14:43:46Z,PLETuopLfmKSPXx-DAdq8fXA00WRb6rh1A,Recent Uploads,79004655,837337,13552,22774,0
i7RDhqeQwbo,Lindsey Stirling - Night Vision (New Album & Summer Tour),2016-04-19T15:01:40Z,PLETuopLfmKSPXx-DAdq8fXA00WRb6rh1A,Recent Uploads,2571321,47975,1205,2453,0
8jrN6Kz2XbU,Lindsey Stirling + Otto Knows + Alex Aris - Dying For You (Official Video),2016-02-04T22:03:38Z,PLETuopLfmKSPXx-DAdq8fXA00WRb6rh1A,Recent Uploads,4060677,105866,2532,3092,0
BEHhz8SgV7E,Lindsey Stirling - My Story,2016-01-18T23:35:37Z,PLETuopLfmKSPXx-DAdq8fXA00WRb6rh1A,Recent Uploads,1837897,89802,525,4744,0
NVqVwk0rJ64,Lindsey Stirling - Heist (Official Video),2016-01-08T00:25:24Z,PLETuopLfmKSPXx-DAdq8fXA00WRb6rh1A,Recent Uploads,7500938,133874,2481,5455,0
5VzprYCxPBQ,Lindsey Stirling - Hallelujah #aSaviorIsBorn,2015-12-07T20:18:58Z,PLETuopLfmKSPXx-DAdq8fXA00WRb6rh1A,Recent Uploads,61628335,867451,11867,28160,0
1yUYvyAY954,Lindsey Stirling - We Are Giants (ft. Dia Frampton) [Official Video],2015-09-09T19:00:58Z,PLETuopLfmKSPXx-DAdq8fXA00WRb6rh1A,Recent Uploads,13648770,236160,3714,11079,0
QRhaXiUjh3c,The Music Box Tour - Lindsey Stirling,2015-07-27T17:16:51Z,PLETuopLfmKSPXx-DAdq8fXA00WRb6rh1A,Recent Uploads,697891,26701,181,1202,0
3Wqzh1GL71Q,Bright - Echosmith and Lindsey Stirling,2015-07-07T17:01:35Z,PLETuopLfmKSPXx-DAdq8fXA00WRb6rh1A,Recent Uploads,3675405,105030,2047,2827,0
BfiTt920nr8,Roundtable Rival - Live From London - Lindsey Stirling,2015-06-26T18:06:07Z,PLETuopLfmKSPXx-DAdq8fXA00WRb6rh1A,Recent Uploads,2490804,65897,567,2203,0
1t-ztzipR9A,The Only Pirate at the Party - Lindsey Stirling's Book,2015-06-21T21:55:07Z,PLETuopLfmKSPXx-DAdq8fXA00WRb6rh1A,Recent Uploads,331830,5234,71,394,0
cv8msHbqaFE,Pure Imagination - Lindsey Stirling & Josh Groban with The Muppets,2015-05-07T16:58:11Z,PLETuopLfmKSPXx-DAdq8fXA00WRb6rh1A,Recent Uploads,3375137,78997,1339,2490,0
xyrnFRghCv4,Lindsey Stirling - Into The Woods Medley,2015-04-03T16:40:51Z,PLETuopLfmKSPXx-DAdq8fXA00WRb6rh1A,Recent Uploads,5561088,123250,1153,2831,0
QAD0BtEv6-Q,Lindsey Stirling - Take Flight [Official Music Video - YTMAs],2015-03-23T17:00:18Z,PLETuopLfmKSPXx-DAdq8fXA00WRb6rh1A,Recent Uploads,34399912,382718,7491,14222,0
E5TsA6CHpII,Les Misérables Medley - Lindsey Stirling,2015-03-06T19:23:23Z,PLETuopLfmKSPXx-DAdq8fXA00WRb6rh1A,Recent Uploads,7022818,154067,1307,5207,0
6-wEAeNcA_A,Senbonzakura - cover by Lindsey Stirling,2015-01-27T20:53:20Z,PLETuopLfmKSPXx-DAdq8fXA00WRb6rh1A,Recent Uploads,20867872,385657,4188,15294,0
AuJnvC8voJY,Lindsey Stirling - Dragon Age,2014-11-18T17:48:32Z,PLETuopLfmKSPXx-DAdq8fXA00WRb6rh1A,Recent Uploads,26226038,322429,4966,9429,0
jvipPYFebWc,Roundtable Rival - Lindsey Stirling,2014-10-20T17:05:46Z,PLETuopLfmKSPXx-DAdq8fXA00WRb6rh1A,Recent Uploads,293721249,3252493,76365,63087,0
RrutzRWXkKs,Master of Tides - Lindsey Stirling,2014-08-20T01:37:57Z,PLETuopLfmKSPXx-DAdq8fXA00WRb6rh1A,Recent Uploads,121662212,1095288,19490,22661,0
DoBqHU0s6PQ,Lindsey Stirling Shatter Me Tour - 2014,2014-08-20T01:38:04Z,PLETuopLfmKSPXx-DAdq8fXA00WRb6rh1A,Recent Uploads,2149336,41122,310,1699,0
49tpIMDy9BE,Shatter Me Featuring Lzzy Hale - Lindsey Stirling,2014-08-20T01:38:24Z,PLETuopLfmKSPXx-DAdq8fXA00WRb6rh1A,Recent Uploads,122357606,1317502,22792,35618,0
Qg7L0OQiN78,Beyond The Veil - Lindsey Stirling (Original Song),2014-08-20T01:38:36Z,PLETuopLfmKSPXx-DAdq8fXA00WRb6rh1A,Recent Uploads,45770977,434122,5267,14763,0
DHdkRvEzW84,Transcendence (Orchestral)- Lindsey Stirling,2014-08-20T01:39:06Z,PLETuopLfmKSPXx-DAdq8fXA00WRb6rh1A,Recent Uploads,29507186,277898,3892,8242,0
55_bV4ORRFM,Stars Align - Lindsey Stirling (Original Song),2014-08-20T01:39:19Z,PLETuopLfmKSPXx-DAdq8fXA00WRb6rh1A,Recent Uploads,32954640,306049,4608,11743,0
HZa1iFO0Juk,Minimal Beat - Lindsey Stirling (Original Song),2014-08-20T01:39:44Z,PLETuopLfmKSPXx-DAdq8fXA00WRb6rh1A,Recent Uploads,20300135,169610,1596,8734,0
GNNimtxuIKY,"""Roundtable Rival"" - Behind The Scenes - Lindsey Stirling",2014-11-25T18:03:48Z,PLETuopLfmKSOrpzXznr19fqZk7I6idLQT,Behind the Scenes,815132,15231,154,563,0
WS0YC4lk6qE,Master of Tides - Behind The Scenes - Lindsey Stirling,2014-08-21T21:16:51Z,PLETuopLfmKSOrpzXznr19fqZk7I6idLQT,Behind the Scenes,721729,11413,81,495,0
OG03pCipZfU,"""Shatter Me"" - Video Behind the Scenes - Lindsey Stirling",2014-05-21T23:16:47Z,PLETuopLfmKSOrpzXznr19fqZk7I6idLQT,Behind the Scenes,453878,10828,74,486,0
mScIUPI0cfk,Shatter Me - Studio Behind The Scenes - Lindsey Stirling,2014-05-21T23:15:42Z,PLETuopLfmKSOrpzXznr19fqZk7I6idLQT,Behind the Scenes,271807,7488,41,623,0
ErmP5Keq7Bo,Behind - Beyond the Veil,2014-04-09T18:43:07Z,PLETuopLfmKSOrpzXznr19fqZk7I6idLQT,Behind the Scenes,238570,7414,66,448,0
Wn9lJNxyURs,Random Acts of Violin: Behind the Scenes,2014-04-09T18:44:17Z,PLETuopLfmKSOrpzXznr19fqZk7I6idLQT,Behind the Scenes,57445,1057,9,70,0
sM1183O2CUw,"""Stars Align"" - Behind the Scenes - Lindsey Stirling",2014-04-09T18:43:37Z,PLETuopLfmKSOrpzXznr19fqZk7I6idLQT,Behind the Scenes,241817,6514,40,274,0
z-XDL2MQ9Bs,Elements: Behind the scenes- Lindsey Stirling,2014-02-03T21:15:42Z,PLETuopLfmKSOrpzXznr19fqZk7I6idLQT,Behind the Scenes,1041983,21085,144,2753,0
BKFlkEDA1Ow,Minimal Beat - Behind the Scenes,2014-02-03T21:15:52Z,PLETuopLfmKSOrpzXznr19fqZk7I6idLQT,Behind the Scenes,348305,10742,52,810,0
tm41FW5cFgg,Assassin's Creed: Behind the Scenes- Lindsey Stirling,2014-02-03T21:17:35Z,PLETuopLfmKSOrpzXznr19fqZk7I6idLQT,Behind the Scenes,719033,10863,83,1057,0
a0hTvU4NGXg,Behind the Scenes - Star Wars - Lindsey Stirling and Peter Hollens,2014-02-03T21:17:46Z,PLETuopLfmKSOrpzXznr19fqZk7I6idLQT,Behind the Scenes,130160,3828,18,229,0
ozFKECRo6os,Lindsey Stirling and Peter Hollens - Star Wars: Behind the Scenes,2014-02-03T21:17:53Z,PLETuopLfmKSOrpzXznr19fqZk7I6idLQT,Behind the Scenes,79346,1555,11,127,0
2do2V8lJjN8,Radioactive - Behind The Scenes,2014-02-03T21:18:06Z,PLETuopLfmKSOrpzXznr19fqZk7I6idLQT,Behind the Scenes,1610973,20256,167,1359,0
XDfmdhDrRcs,Transcendence- Lindsey Stirling- Behind the Video,2014-02-03T21:18:19Z,PLETuopLfmKSOrpzXznr19fqZk7I6idLQT,Behind the Scenes,734794,6998,75,413,0
7rOoES55wgs,Behind the Scenes - Game of Thrones Lindsey Stirling & Peter Hollens,2014-02-03T21:18:29Z,PLETuopLfmKSOrpzXznr19fqZk7I6idLQT,Behind the Scenes,87968,1320,9,171,0
A27SCY6kSPQ,All of Me - John Legend Collab Sneak Peek,2014-02-03T21:18:56Z,PLETuopLfmKSOrpzXznr19fqZk7I6idLQT,Behind the Scenes,161526,3360,37,305,0
3ng1RVCyXmA,Behind The Scenes - #ItStartedWithHELLO,2014-10-22T10:10:57Z,PLETuopLfmKSOrpzXznr19fqZk7I6idLQT,Behind the Scenes,74428,2178,14,159,0
NkN9fZElVI4,Dragon Age Inquisition - Behind The Scenes - Lindsey Stirling,2014-11-28T08:02:01Z,PLETuopLfmKSOrpzXznr19fqZk7I6idLQT,Behind the Scenes,167452,3922,23,179,0
I09L72UKZjM,"Lindsey, Hospital, & Josh Groban - BTS",2015-05-15T04:23:16Z,PLETuopLfmKSOrpzXznr19fqZk7I6idLQT,Behind the Scenes,102584,3603,21,195,0
viNb_51rnTA,Take Flight - Behind The Scenes - Lindsey Stirling,2015-05-15T04:24:15Z,PLETuopLfmKSOrpzXznr19fqZk7I6idLQT,Behind the Scenes,98977,4199,10,232,0
EAdIxOpX3os,Lindsey Stirling - Take Flight [Official Behind The Scenes - YTMAs],2015-05-15T04:24:33Z,PLETuopLfmKSOrpzXznr19fqZk7I6idLQT,Behind the Scenes,140802,2717,29,112,0
XvBNyCf9nek,Lindsey Stirling - Take Flight [Official Teaser - YTMAs],2015-05-15T04:24:44Z,PLETuopLfmKSOrpzXznr19fqZk7I6idLQT,Behind the Scenes,86887,3762,15,215,0
BfiTt920nr8,Roundtable Rival - Live From London - Lindsey Stirling,2015-06-28T08:17:32Z,PLETuopLfmKSOrpzXznr19fqZk7I6idLQT,Behind the Scenes,2490804,65897,567,2203,0
MwGyUDOuYAM,"""Hold My Heart"" - Behind The Scenes",2017-01-23T05:29:53Z,PLETuopLfmKSOrpzXznr19fqZk7I6idLQT,Behind the Scenes,156038,4728,34,207,0
nsZEET-KFp8,Lindsey Stirling - Love's Just a Feeling (Behind the Scenes),2017-03-07T17:33:25Z,PLETuopLfmKSOrpzXznr19fqZk7I6idLQT,Behind the Scenes,494781,14837,259,670,0
olda6jHy1aI,Lindsey Stirling - Hold My Heart (Behind The Scenes),2017-03-22T18:35:49Z,PLETuopLfmKSOrpzXznr19fqZk7I6idLQT,Behind the Scenes,372681,11233,273,669,0
yqlWvkbbTQQ,LINDSEY STIRLING: BRAVE ENOUGH OFFICIAL TRAILER,2017-05-10T16:01:04Z,PLETuopLfmKSOrpzXznr19fqZk7I6idLQT,Behind the Scenes,3953797,46394,2798,1616,0
mxMkD-uCeB8,Lindsey Stirling - Lost Girls (Behind the Scenes),2017-05-12T18:40:11Z,PLETuopLfmKSOrpzXznr19fqZk7I6idLQT,Behind the Scenes,698612,22705,287,954,0
nHk8fFEVJg4,Lindsey Stirling - Christmas C'mon - Behind the Scenes,2017-12-09T03:26:19Z,PLETuopLfmKSOrpzXznr19fqZk7I6idLQT,Behind the Scenes,89539,3301,38,203,0
CI7FqAW2UiA,Lindsey Stirling - Carol of the Bells - Behind the Scenes,2017-12-09T03:26:59Z,PLETuopLfmKSOrpzXznr19fqZk7I6idLQT,Behind the Scenes,66205,3035,16,197,0
oZ605tx8Gx0,Lindsey Stirling - I Wonder as I Wander (Behind the Scenes),2018-11-03T17:26:31Z,PLETuopLfmKSOrpzXznr19fqZk7I6idLQT,Behind the Scenes,245411,15595,277,1359,0
FTPcvTSxBP0,"You're A Mean One, Mr. Grinch BTS",2018-12-13T23:18:13Z,PLETuopLfmKSOrpzXznr19fqZk7I6idLQT,Behind the Scenes,281475,9339,252,352,0
ans3GVdFg60,Lindsey Stirling - Warmer in the Winter (Behind the Scenes),2018-12-13T23:21:26Z,PLETuopLfmKSOrpzXznr19fqZk7I6idLQT,Behind the Scenes,224134,6487,259,340,0
tAZ-lFjsMjc,Lindsey Stirling - Artemis (Behind the Scenes),2019-09-05T21:36:45Z,PLETuopLfmKSOrpzXznr19fqZk7I6idLQT,Behind the Scenes,235034,13983,129,642,0
XgXBOSS7E5Y,Lindsey Stirling - The Upside (ft. Elle King) [Behind the Scenes],2019-09-16T16:00:12Z,PLETuopLfmKSOrpzXznr19fqZk7I6idLQT,Behind the Scenes,421898,10140,221,317,0
7s02dIaFiZ4,Lindsey Stirling - Underground (Behind the Scenes),2019-09-27T17:36:19Z,PLETuopLfmKSOrpzXznr19fqZk7I6idLQT,Behind the Scenes,265854,11359,153,365,0
1_laUEMiN2Q,Lindsey Stirling - Sleepwalking (Behind The Scenes),2020-04-28T16:01:11Z,PLETuopLfmKSOrpzXznr19fqZk7I6idLQT,Behind the Scenes,187002,9445,96,413,0
oWY44CDtvpg,Lindsey Stirling - Between Twilight (Behind The Scenes),2020-06-26T02:41:01Z,PLETuopLfmKSOrpzXznr19fqZk7I6idLQT,Behind the Scenes,254284,14087,144,618,0
XcqSUTD0T5c,Lindsey Stirling - Til The Light Goes Out (Behind The Scenes),2020-09-25T18:43:33Z,PLETuopLfmKSOrpzXznr19fqZk7I6idLQT,Behind the Scenes,328205,12820,153,725,0
JOmEJwLMjuk,Lindsey Stirling - Lose You Now (Behind the Scenes),2021-01-31T20:48:02Z,PLETuopLfmKSOrpzXznr19fqZk7I6idLQT,Behind the Scenes,246248,10964,146,518,0
RrutzRWXkKs,Master of Tides - Lindsey Stirling,2014-08-14T17:05:02Z,PLETuopLfmKSNHsu-ooVDhfyOlHlbR31jq,Lindsey Stirling Favorite YouTube Videos,121662212,1095288,19490,22661,0
TSWvxfBZM5I,Lindsey Stirling Favorite YouTube Videos - Intro,2013-10-28T23:33:03Z,PLETuopLfmKSNHsu-ooVDhfyOlHlbR31jq,Lindsey Stirling Favorite YouTube Videos,313005,10765,185,1564,0
oRdxUFDoQe0,Michael Jackson - Beat It (Official Video),2013-10-28T23:33:03Z,PLETuopLfmKSNHsu-ooVDhfyOlHlbR31jq,Lindsey Stirling Favorite YouTube Videos,695590108,4306250,146215,202699,0
NCaH-qqTWpk,Kung Fu Piano: Cello Ascends - The Piano Guys (Wonder of The World 1 of 7),2013-10-28T23:33:03Z,PLETuopLfmKSNHsu-ooVDhfyOlHlbR31jq,Lindsey Stirling Favorite YouTube Videos,24999503,245802,3002,12566,0
mtf7hC17IBM,Kodaline - All I Want (Part 1),2013-10-28T23:33:03Z,PLETuopLfmKSNHsu-ooVDhfyOlHlbR31jq,Lindsey Stirling Favorite YouTube Videos,182635675,2669771,30376,63083,0
FJfFZqTlWrQ,P!nk - So What (Official Music Video),2013-10-28T23:33:03Z,PLETuopLfmKSNHsu-ooVDhfyOlHlbR31jq,Lindsey Stirling Favorite YouTube Videos,386549155,1832536,58910,58248,0
UJKythlXAIY,OK Go - This Too Shall Pass - Official Video,2013-10-28T23:33:03Z,PLETuopLfmKSNHsu-ooVDhfyOlHlbR31jq,Lindsey Stirling Favorite YouTube Videos,13688623,81747,1677,8030,0
XvtXgNtYFMs,Hunter Hayes - I Want Crazy (Official Music Video),2013-10-28T23:33:03Z,PLETuopLfmKSNHsu-ooVDhfyOlHlbR31jq,Lindsey Stirling Favorite YouTube Videos,43164022,295285,7368,11004,0
rNpBahr49mA,Ellie Goulding - Figure 8 (Official Video),2013-10-28T23:33:03Z,PLETuopLfmKSNHsu-ooVDhfyOlHlbR31jq,Lindsey Stirling Favorite YouTube Videos,39758939,248560,6307,11944,0
DCVT7ukVd_Q,Sharing What Makes Me Happy - Lindsey Stirling,2014-11-24T12:59:11Z,PLETuopLfmKSNHsu-ooVDhfyOlHlbR31jq,Lindsey Stirling Favorite YouTube Videos,65144,2447,27,302,0
JVt4oljqL38,Otto Knows - Dying For You (ft. Lindsey Stirling and Alex Aris) | OFFICIAL VIDEO,2016-02-01T15:51:51Z,PLETuopLfmKSNHsu-ooVDhfyOlHlbR31jq,Lindsey Stirling Favorite YouTube Videos,6170837,65662,954,1189,0
L7QYWkkfTWE,Philmon Lee - No Saving Me (Official Music Video) ft. Lindsey Stirling,2020-11-04T23:50:56Z,PLETuopLfmKSNa6FuUGxbPZN0QZWBA6CIW,Cool Collabs,165116,3205,80,168,0
aCBTwwJ65E8,Escape The Fate - Invincible feat. Lindsey Stirling (Official Music Video),2020-11-04T23:51:23Z,PLETuopLfmKSNa6FuUGxbPZN0QZWBA6CIW,Cool Collabs,1188087,25132,421,787,0
YRtwJRpEIA0,VOICES - SWITCHFOOT feat. Lindsey Stirling,2020-11-04T23:50:20Z,PLETuopLfmKSNa6FuUGxbPZN0QZWBA6CIW,Cool Collabs,2100343,66628,1470,3864,0
R8ALe-nVzd8,Lindsey Stirling - The Upside (ft. Elle King) [Official Video],2020-04-28T16:11:05Z,PLETuopLfmKSNa6FuUGxbPZN0QZWBA6CIW,Cool Collabs,3177423,94174,1985,2876,0
kQb0DJZLhRM,"Lindsey Stirling - You're A Mean One, Mr. Grinch (ft. Sabrina Carpenter) [Official Video]",2018-11-19T17:10:53Z,PLETuopLfmKSNa6FuUGxbPZN0QZWBA6CIW,Cool Collabs,14085291,411434,10424,11472,0
-9rdDeWzvsU,Lindsey Stirling + Alexander Jean - Stampede (Official Video),2018-06-19T18:19:37Z,PLETuopLfmKSNa6FuUGxbPZN0QZWBA6CIW,Cool Collabs,10137902,168343,2565,4461,0
gFyCnSxdAw4,Dancing With The Stars - Best of Mark and Lindsey,2018-01-04T00:28:39Z,PLETuopLfmKSNa6FuUGxbPZN0QZWBA6CIW,Cool Collabs,983968,36359,793,1416,0
D-dwmYeLLng,Lindsey Stirling - Christmas C'mon (ft. Becky G) [Official Video],2020-04-28T16:11:39Z,PLETuopLfmKSNa6FuUGxbPZN0QZWBA6CIW,Cool Collabs,9011123,164189,4444,5406,0
ukvW7pccZJQ,Don't Worry - Madcon Cover #teamSTARK,2017-09-13T05:03:06Z,PLETuopLfmKSNa6FuUGxbPZN0QZWBA6CIW,Cool Collabs,102618,5308,22,275,0
4xcuKEwCDWg,Lindsey Stirling + KHS - It Ain't Me (Selena Gomez & Kygo Cover),2017-07-17T13:59:48Z,PLETuopLfmKSNa6FuUGxbPZN0QZWBA6CIW,Cool Collabs,10720362,233728,2566,5527,0
AlYVNyq2i_0,Lindsey Stirling - Love's Just A Feeling (ft. Rooty) [Official Video],2017-03-06T11:01:47Z,PLETuopLfmKSNa6FuUGxbPZN0QZWBA6CIW,Cool Collabs,10966448,179716,4195,5663,0
uCTWBHP6lV0,Lindsey Stirling - Hold My Heart (ft. ZZ Ward) [Official Video],2016-11-16T19:43:25Z,PLETuopLfmKSNa6FuUGxbPZN0QZWBA6CIW,Cool Collabs,18200380,194680,8549,6313,0
Ygv4T0bH2Sc,Lindsey Stirling - Hold My Heart (ft. ZZ Ward) [Official Lyric Video],2016-10-31T16:40:30Z,PLETuopLfmKSNa6FuUGxbPZN0QZWBA6CIW,Cool Collabs,2421425,69321,1280,2009,0
-fVKBEJSY3U,I Am Brave Enough,2017-01-23T05:27:07Z,PLETuopLfmKSNa6FuUGxbPZN0QZWBA6CIW,Cool Collabs,40194,2400,20,234,0
Px2Xq1b4F6o,Lindsey Stirling + Lang Lang - Spider-Man Theme (Official Video),2016-09-09T15:51:40Z,PLETuopLfmKSNa6FuUGxbPZN0QZWBA6CIW,Cool Collabs,2632586,98129,1215,3934,0
ytMqO-WQpQ4,Lindsey Stirling - Something Wild ft. Andrew McMahon in the Wilderness (From Disney's Pete's Dragon),2016-08-02T14:41:00Z,PLETuopLfmKSNa6FuUGxbPZN0QZWBA6CIW,Cool Collabs,18259759,246035,5984,8740,0
8jrN6Kz2XbU,Lindsey Stirling + Otto Knows + Alex Aris - Dying For You (Official Video),2016-02-04T22:03:37Z,PLETuopLfmKSNa6FuUGxbPZN0QZWBA6CIW,Cool Collabs,4060678,105866,2532,3092,0
JVt4oljqL38,Otto Knows - Dying For You (ft. Lindsey Stirling and Alex Aris) | OFFICIAL VIDEO,2016-02-01T15:46:16Z,PLETuopLfmKSNa6FuUGxbPZN0QZWBA6CIW,Cool Collabs,6170837,65662,954,1189,0
3Wqzh1GL71Q,Bright - Echosmith and Lindsey Stirling,2015-07-07T17:01:35Z,PLETuopLfmKSNa6FuUGxbPZN0QZWBA6CIW,Cool Collabs,3675405,105030,2047,2827,0
1t-ztzipR9A,The Only Pirate at the Party - Lindsey Stirling's Book,2015-06-21T21:55:15Z,PLETuopLfmKSNa6FuUGxbPZN0QZWBA6CIW,Cool Collabs,331830,5234,71,394,0
cv8msHbqaFE,Pure Imagination - Lindsey Stirling & Josh Groban with The Muppets,2015-12-31T07:19:50Z,PLETuopLfmKSNa6FuUGxbPZN0QZWBA6CIW,Cool Collabs,3375137,78997,1339,2490,0
mFM4sWwP6PY,Jessie J-Loud (feat. Lindsey Stirling),2015-12-31T07:19:24Z,PLETuopLfmKSNa6FuUGxbPZN0QZWBA6CIW,Cool Collabs,56788,374,6,7,0
ScDIkNcqZjE,[Official Video] Papaoutai – Pentatonix ft. Lindsey Stirling (Stromae Cover),2015-12-31T07:18:28Z,PLETuopLfmKSNa6FuUGxbPZN0QZWBA6CIW,Cool Collabs,46562257,549764,18792,31686,0
gfA-tPKPoNs,Owl City - Beautiful Times ft. Lindsey Stirling,2015-12-31T07:17:57Z,PLETuopLfmKSNa6FuUGxbPZN0QZWBA6CIW,Cool Collabs,8323931,84868,1528,5168,0
1LGtfp75jcE,Lindsey Stirling - Album Shower,2014-03-14T22:31:34Z,PLETuopLfmKSNa6FuUGxbPZN0QZWBA6CIW,Cool Collabs,732782,14927,1379,1043,0
ozVmO5LHJ2k,"O Come, Emmanuel - Lindsey Stirling & Kuha'o Case",2014-02-05T09:00:10Z,PLETuopLfmKSNa6FuUGxbPZN0QZWBA6CIW,Cool Collabs,6637957,124242,1597,6296,0
xwsYvBYZcx4,All Of Me - John Legend & Lindsey Stirling,2014-01-20T19:46:24Z,PLETuopLfmKSNa6FuUGxbPZN0QZWBA6CIW,Cool Collabs,134546785,1403228,26674,29606,0
CIX-rI-9quM,"Tyler Ward - ""Some Kind Of Beautiful (feat. Lindsey Stirling)""",2015-12-31T07:19:05Z,PLETuopLfmKSNa6FuUGxbPZN0QZWBA6CIW,Cool Collabs,4302638,59936,1088,3378,0
99ZYIECx1Vw,Pokémon Dubstep Remix - Lindsey Stirling & Kurt Hugo Schneider (Cover),2013-09-30T21:23:26Z,PLETuopLfmKSNa6FuUGxbPZN0QZWBA6CIW,Cool Collabs,15260437,266694,6119,14628,0
KtQb2axKpuw,Star Wars Medley - Lindsey Stirling & Peter Hollens #geekweek,2013-08-09T20:58:28Z,PLETuopLfmKSNa6FuUGxbPZN0QZWBA6CIW,Cool Collabs,11183010,198821,4616,14615,0
jLnL63cXmD8,Halo Theme - Lindsey Stirling and William Joseph,2013-06-25T05:08:53Z,PLETuopLfmKSNa6FuUGxbPZN0QZWBA6CIW,Cool Collabs,23494553,351505,5468,24801,0
aE2GCa-_nyU,Radioactive - Lindsey Stirling and Pentatonix (Imagine Dragons Cover),2013-06-25T05:08:27Z,PLETuopLfmKSNa6FuUGxbPZN0QZWBA6CIW,Cool Collabs,189268540,2202938,57064,102394,0
qDsfou6UfjU,Mission Impossible - Lindsey Stirling and the Piano Guys,2013-06-25T05:09:22Z,PLETuopLfmKSNa6FuUGxbPZN0QZWBA6CIW,Cool Collabs,10707712,149854,1399,7506,0
3ke-sS8dPKk,Thrift Shop - Lindsey Stirling & Tyler Ward (Macklemore & Ryan Lewis Cover),2013-06-25T05:01:25Z,PLETuopLfmKSNa6FuUGxbPZN0QZWBA6CIW,Cool Collabs,19251595,230246,8761,13517,0
_oNpmSAvpGQ,Game of Thrones - Lindsey Stirling & Peter Hollens (Cover),2013-06-25T05:03:42Z,PLETuopLfmKSNa6FuUGxbPZN0QZWBA6CIW,Cool Collabs,17014863,197080,2941,9028,0
0HJoNXWWMuA,Come With Us - Lindsey Stirling & Can't Stop Won't Stop (Original Song),2013-10-29T08:38:08Z,PLETuopLfmKSNa6FuUGxbPZN0QZWBA6CIW,Cool Collabs,4149474,65609,1090,6117,0
KHLDZQY-9o4,Justin Williams | Lying (feat. Lindsey Stirling),2013-06-25T05:12:58Z,PLETuopLfmKSNa6FuUGxbPZN0QZWBA6CIW,Cool Collabs,252010,2172,34,106,0
ar7brs0qOG8,Starships - Lindsey Stirling and Megan Nicole (Nicki Minaj Cover),2013-06-25T05:01:47Z,PLETuopLfmKSNa6FuUGxbPZN0QZWBA6CIW,Cool Collabs,15919407,167975,5326,13353,0
OexlTp27WTg,Brantley Gilbert - You Don't Know Her Like I Do - Live Cover by Artie Hemphill ft. Lindsey Stirling,2013-06-25T05:04:30Z,PLETuopLfmKSNa6FuUGxbPZN0QZWBA6CIW,Cool Collabs,286400,2867,99,175,0
UQmlzOW-CLY,"""A Thousand Years"" - Christina Perri (ft. Aimée Proal and Lindsey Stirling)",2013-06-25T05:04:04Z,PLETuopLfmKSNa6FuUGxbPZN0QZWBA6CIW,Cool Collabs,4373581,62393,1427,3613,0
0g9poWKKpbU,We Found Love - Lindsey Stirling (VenTribe),2013-06-25T05:09:06Z,PLETuopLfmKSNa6FuUGxbPZN0QZWBA6CIW,Cool Collabs,62086017,758307,11004,37492,0
BSLPH9d-jsI,Skyrim - Lindsey Stirling & Peter Hollens,2013-06-25T05:02:05Z,PLETuopLfmKSNa6FuUGxbPZN0QZWBA6CIW,Cool Collabs,85433535,906624,18754,63713,0
CTTC7JzF77s,By No Means - Eppic feat. Lindsey Stirling,2013-06-25T05:00:59Z,PLETuopLfmKSNa6FuUGxbPZN0QZWBA6CIW,Cool Collabs,2777683,35686,2193,1939,0
S2APZN9FJNY,Party Rock Anthem -Violinists can shuffle too,2013-06-25T05:10:25Z,PLETuopLfmKSNa6FuUGxbPZN0QZWBA6CIW,Cool Collabs,20597572,202011,13562,19468,0
6x6UxszIL0A,Don't Carry it All--The Decemberists by Lindsey Stirling and Shaun Canon,2013-06-29T06:12:31Z,PLETuopLfmKSNa6FuUGxbPZN0QZWBA6CIW,Cool Collabs,1477967,13968,323,747,0
AuJnvC8voJY,Lindsey Stirling - Dragon Age,2014-11-25T17:56:16Z,PLETuopLfmKSPUH5qO7YjjEuwWO_T9RKZE,Gaming Music,26226038,322429,4966,9429,0
jLnL63cXmD8,Halo Theme - Lindsey Stirling and William Joseph,2013-06-25T04:52:55Z,PLETuopLfmKSPUH5qO7YjjEuwWO_T9RKZE,Gaming Music,23494553,351505,5468,24801,0
99ZYIECx1Vw,Pokémon Dubstep Remix - Lindsey Stirling & Kurt Hugo Schneider (Cover),2013-09-30T21:23:18Z,PLETuopLfmKSPUH5qO7YjjEuwWO_T9RKZE,Gaming Music,15260437,266694,6119,14628,0
KtQb2axKpuw,Star Wars Medley - Lindsey Stirling & Peter Hollens #geekweek,2013-09-30T07:00:07Z,PLETuopLfmKSPUH5qO7YjjEuwWO_T9RKZE,Gaming Music,11183010,198821,4616,14615,0
b3KUyPKbR7Q,Zelda Medley - Lindsey Stirling,2012-12-18T04:40:44Z,PLETuopLfmKSPUH5qO7YjjEuwWO_T9RKZE,Gaming Music,37772806,537779,7665,45173,0
BSLPH9d-jsI,Skyrim - Lindsey Stirling & Peter Hollens,2012-12-18T04:43:15Z,PLETuopLfmKSPUH5qO7YjjEuwWO_T9RKZE,Gaming Music,85433535,906624,18754,63713,0
MOg8Cz9yfWg,Assassin's Creed III - Lindsey Stirling,2012-12-18T04:43:15Z,PLETuopLfmKSPUH5qO7YjjEuwWO_T9RKZE,Gaming Music,38803421,453901,8882,30269,0
KA8a5qibUJU,Zelda Violin Duet - Lindsey Stirling,2012-12-18T04:43:15Z,PLETuopLfmKSPUH5qO7YjjEuwWO_T9RKZE,Gaming Music,8962802,152389,2121,11431,0
_oNpmSAvpGQ,Game of Thrones - Lindsey Stirling & Peter Hollens (Cover),2012-12-18T04:43:15Z,PLETuopLfmKSPUH5qO7YjjEuwWO_T9RKZE,Gaming Music,17014863,197080,2941,9028,0
9P4kjROkn8I,Lindsey Stirling - Forgotten City (RiME Soundtrack) [Official Video],2017-05-24T16:02:22Z,PLETuopLfmKSPUH5qO7YjjEuwWO_T9RKZE,Gaming Music,6078031,146746,1575,4749,0
C8md6yJkUY4,Lindsey Stirling -  Crystallize (from Home For The Holidays),2020-12-21T18:01:15Z,PLETuopLfmKSOb-nLxMHGa0tOLUjCGanEs,Christmas,1486369,87847,1238,6903,0
Aky-J-b9LcU,Home For The Holidays - Hair Hanging Vlog,2020-12-19T01:53:25Z,PLETuopLfmKSOb-nLxMHGa0tOLUjCGanEs,Christmas,364037,21636,1240,2561,0
bmS48ywSy7M,Home For the Holidays Special,2020-12-15T22:00:46Z,PLETuopLfmKSOb-nLxMHGa0tOLUjCGanEs,Christmas,380055,17202,211,545,0
IFsDAoCHYiQ,Lindsey Stirling - Angels We Have Heard On High (Official Video),2020-12-01T23:37:32Z,PLETuopLfmKSOb-nLxMHGa0tOLUjCGanEs,Christmas,1585643,89811,545,3672,0
QMbyklU3rSM,Lindsey Stirling - We Three Gentlemen - Medley (Official Video),2019-12-05T00:17:52Z,PLETuopLfmKSOb-nLxMHGa0tOLUjCGanEs,Christmas,3799344,141334,1941,4018,0
_TFwieKKEpk,Lindsey Stirling - Warmer in the Winter (Official Video),2018-12-06T00:11:22Z,PLETuopLfmKSOb-nLxMHGa0tOLUjCGanEs,Christmas,1441636,45198,1516,2013,0
z-oxagtRO7A,Lindsey Stirling - Santa Baby (Official Video),2018-11-30T04:59:59Z,PLETuopLfmKSOb-nLxMHGa0tOLUjCGanEs,Christmas,4146589,101744,7748,6715,0
kQb0DJZLhRM,"Lindsey Stirling - You're A Mean One, Mr. Grinch (ft. Sabrina Carpenter) [Official Video]",2018-11-19T17:10:52Z,PLETuopLfmKSOb-nLxMHGa0tOLUjCGanEs,Christmas,14085291,411434,10424,11472,0
4rR8jc6EPQM,Lindsey Stirling - I Wonder As I Wander (Official Video),2018-10-20T08:00:33Z,PLETuopLfmKSOb-nLxMHGa0tOLUjCGanEs,Christmas,7955304,222357,3586,8245,0
EKkzbbLYPuI,Lindsey Stirling - Carol of the Bells (Official Video),2017-12-01T16:01:16Z,PLETuopLfmKSOb-nLxMHGa0tOLUjCGanEs,Christmas,52086743,914558,13223,20731,0
D-dwmYeLLng,Lindsey Stirling - Christmas C'mon (ft. Becky G) [Official Video],2017-11-16T14:01:52Z,PLETuopLfmKSOb-nLxMHGa0tOLUjCGanEs,Christmas,9011123,164189,4444,5406,0
Na7VFFnqWVI,Lindsey Stirling - Angels We Have Heard on High (Official Video),2017-12-13T18:04:23Z,PLETuopLfmKSOb-nLxMHGa0tOLUjCGanEs,Christmas,2908554,74899,1352,3358,0
0RkSy6ElNIY,Lindsey Stirling - Dance of the Sugar Plum Fairy (Official Video),2017-10-24T15:00:49Z,PLETuopLfmKSOb-nLxMHGa0tOLUjCGanEs,Christmas,21046148,377524,6728,10152,0
5VzprYCxPBQ,Lindsey Stirling - Hallelujah #aSaviorIsBorn,2015-12-07T20:14:05Z,PLETuopLfmKSOb-nLxMHGa0tOLUjCGanEs,Christmas,61628335,867451,11867,28160,0
jg4sZZaf3Gg,Celtic Carol - Lindsey Stirling,2012-12-18T04:39:19Z,PLETuopLfmKSOb-nLxMHGa0tOLUjCGanEs,Christmas,12616887,122379,1298,6331,0
QmvwWxzg3lc,Silent Night - Lindsey Stirling,2012-12-18T04:39:19Z,PLETuopLfmKSOb-nLxMHGa0tOLUjCGanEs,Christmas,8145538,89167,1036,4901,0
ugV6QGcafEE,"O Come, Emmanuel - Christmas Version - ThePianoGuys",2012-12-18T04:39:19Z,PLETuopLfmKSOb-nLxMHGa0tOLUjCGanEs,Christmas,4088432,35033,831,1508,0
1A3i0GATnRI,What Child is This - Lindsey Stirling,2012-12-18T04:39:19Z,PLETuopLfmKSOb-nLxMHGa0tOLUjCGanEs,Christmas,16779210,177581,2146,11001,0
e9GtPX6c_kg,Carol of the Bells (for 12 cellos) - The Piano Guys,2012-12-18T04:39:19Z,PLETuopLfmKSOb-nLxMHGa0tOLUjCGanEs,Christmas,38723896,273271,4837,10844,0
ozVmO5LHJ2k,"O Come, Emmanuel - Lindsey Stirling & Kuha'o Case",2013-12-05T06:53:31Z,PLETuopLfmKSOb-nLxMHGa0tOLUjCGanEs,Christmas,6637957,124242,1597,6296,0
n543eKIdbUI,Angels We Have Heard on High (Christmas w/ 32 fingers and 8 thumbs) - The Piano Guys,2015-12-07T20:15:06Z,PLETuopLfmKSOb-nLxMHGa0tOLUjCGanEs,Christmas,23028603,187646,2971,6052,0
PrLoWt2tfqg,Over A Thousand People Came Together To Break a Record - Angels From The Realms Of Glory,2015-12-07T20:15:52Z,PLETuopLfmKSOb-nLxMHGa0tOLUjCGanEs,Christmas,26082004,266470,5156,11104,0
8kDcRw4y4M0,Nice Gestures From The Road,2017-08-09T07:01:51Z,PLETuopLfmKSMUi8DNr332tz6_bAlBSocn,Tour Time,49077,2444,23,229,0
yqlWvkbbTQQ,LINDSEY STIRLING: BRAVE ENOUGH OFFICIAL TRAILER,2017-05-10T16:01:03Z,PLETuopLfmKSMUi8DNr332tz6_bAlBSocn,Tour Time,3953797,46394,2798,1616,0
Sny0ZSFHGr8,Lindsey Stirling - Hold My Heart (Acoustic),2017-05-05T14:57:49Z,PLETuopLfmKSMUi8DNr332tz6_bAlBSocn,Tour Time,882845,39213,394,1348,0
90XqVvc1QuM,Throwback...,2017-01-23T05:31:23Z,PLETuopLfmKSMUi8DNr332tz6_bAlBSocn,Tour Time,66104,3420,21,300,0
sVID4Fr-krQ,Russian Spill,2017-01-23T05:31:06Z,PLETuopLfmKSMUi8DNr332tz6_bAlBSocn,Tour Time,63909,3266,19,278,0
i7RDhqeQwbo,Lindsey Stirling - Night Vision (New Album & Summer Tour),2016-04-23T19:21:37Z,PLETuopLfmKSMUi8DNr332tz6_bAlBSocn,Tour Time,2571321,47975,1205,2453,0
TMJVqqPjaRI,Outside Lands,2015-08-21T06:59:12Z,PLETuopLfmKSMUi8DNr332tz6_bAlBSocn,Tour Time,90772,3104,22,176,0
BSlYE-ooDbI,My Dudes Do My Makeup,2015-08-05T01:04:24Z,PLETuopLfmKSMUi8DNr332tz6_bAlBSocn,Tour Time,156588,4503,42,296,0
QRhaXiUjh3c,The Music Box Tour - Lindsey Stirling,2015-07-27T17:16:50Z,PLETuopLfmKSMUi8DNr332tz6_bAlBSocn,Tour Time,697891,26701,181,1202,0
DIFkDyHVCjY,Puppy Prank Part 1,2015-07-15T06:31:31Z,PLETuopLfmKSMUi8DNr332tz6_bAlBSocn,Tour Time,273229,6284,79,375,0
_BxChKKQezY,Relationship Advice from Lindsey and the Peeps,2015-07-08T06:52:50Z,PLETuopLfmKSMUi8DNr332tz6_bAlBSocn,Tour Time,103864,3266,41,449,0
1KzvbecIVwI,My Band Does My Makeup,2015-07-02T08:57:50Z,PLETuopLfmKSMUi8DNr332tz6_bAlBSocn,Tour Time,120098,4615,27,343,0
BfiTt920nr8,Roundtable Rival - Live From London - Lindsey Stirling,2015-06-26T18:06:08Z,PLETuopLfmKSMUi8DNr332tz6_bAlBSocn,Tour Time,2490804,65897,567,2203,0
rXrn6KcW8QQ,We Don't Make Much Sense,2015-06-12T19:03:56Z,PLETuopLfmKSMUi8DNr332tz6_bAlBSocn,Tour Time,98297,3428,27,410,0
n11ZLN0FJvw,Come Backstage at the Show,2015-06-09T03:43:08Z,PLETuopLfmKSMUi8DNr332tz6_bAlBSocn,Tour Time,80926,3261,12,256,0
wtRcPL3txU0,My New Favorite Game,2015-06-09T03:42:54Z,PLETuopLfmKSMUi8DNr332tz6_bAlBSocn,Tour Time,234717,8154,80,450,0
cNL3-HCv1Ak,Yellowstone Natural Gases,2015-05-27T07:15:58Z,PLETuopLfmKSMUi8DNr332tz6_bAlBSocn,Tour Time,79272,3727,23,292,0
hcmvYUbTlZ4,Can You Plank Jump?,2015-05-15T04:24:00Z,PLETuopLfmKSMUi8DNr332tz6_bAlBSocn,Tour Time,116882,5174,44,447,0
9tjFdAx3YBI,Come On the Bus With Us!,2015-05-15T04:23:30Z,PLETuopLfmKSMUi8DNr332tz6_bAlBSocn,Tour Time,94341,3801,18,305,0
NujwK-tE9ng,Something New- Lindsey Stirling- Music Box Tour,2015-05-15T04:22:39Z,PLETuopLfmKSMUi8DNr332tz6_bAlBSocn,Tour Time,117030,4672,25,435,0
Gue77kB_uHo,Camel Ride - Lindsey Stirling,2015-03-12T19:04:28Z,PLETuopLfmKSMUi8DNr332tz6_bAlBSocn,Tour Time,105581,3572,29,263,0
mZlaGqqroDg,The Crew Dances Better than Lindsey,2014-12-16T18:40:14Z,PLETuopLfmKSMUi8DNr332tz6_bAlBSocn,Tour Time,247635,7294,41,1621,0
pNxeNkFtL6w,Disney Bees - Lindsey Stirling,2014-11-17T19:28:27Z,PLETuopLfmKSMUi8DNr332tz6_bAlBSocn,Tour Time,195342,6024,42,407,0
fWPxkRlcjD8,Pumpkin Contest - Lindsey Stirling,2014-11-03T21:56:42Z,PLETuopLfmKSMUi8DNr332tz6_bAlBSocn,Tour Time,148095,3731,42,246,0
A6DEWspcCkc,Little Clips from Tour - Lindsey Stirling,2014-10-22T10:10:31Z,PLETuopLfmKSMUi8DNr332tz6_bAlBSocn,Tour Time,86374,2793,14,226,0
0v62lHaeu88,Truck Flip - Lindsey Stirling Tour,2014-10-22T10:10:15Z,PLETuopLfmKSMUi8DNr332tz6_bAlBSocn,Tour Time,120963,3718,19,364,0
Cu2XGb08pNU,A Great Big World on Tour - Lindsey Stirling Tour,2014-10-22T10:09:58Z,PLETuopLfmKSMUi8DNr332tz6_bAlBSocn,Tour Time,75118,2111,11,131,0
a-ZHhh1-0iM,Phelba Meets - A Great Big World,2014-10-22T10:09:39Z,PLETuopLfmKSMUi8DNr332tz6_bAlBSocn,Tour Time,112033,3658,27,389,0
DoBqHU0s6PQ,Lindsey Stirling Shatter Me Tour - 2014,2014-08-23T08:39:36Z,PLETuopLfmKSMUi8DNr332tz6_bAlBSocn,Tour Time,2149336,41122,310,1699,0
vzOlmKgDcSc,ALS Ice Bucket Challenge - Lindsey Stirling,2014-08-20T01:47:01Z,PLETuopLfmKSMUi8DNr332tz6_bAlBSocn,Tour Time,641420,13789,154,524,0
9s0PGm69KPI,Music video Challenge - Lindsey Stirling,2014-07-23T06:08:29Z,PLETuopLfmKSMUi8DNr332tz6_bAlBSocn,Tour Time,227905,5516,62,1684,0
SzuBJ4HIDFc,In Disguise - Lindsey Stirling & Brooke,2014-07-14T16:57:39Z,PLETuopLfmKSMUi8DNr332tz6_bAlBSocn,Tour Time,123000,3033,24,249,0
k1wDTWBxNbY,Half Christmas Santa - Lindsey Stirling,2014-07-08T20:21:47Z,PLETuopLfmKSMUi8DNr332tz6_bAlBSocn,Tour Time,144553,3429,50,249,0
f-xTmQGiLy4,Half Christmas Shopping - Lindsey Stirling,2014-07-04T19:38:18Z,PLETuopLfmKSMUi8DNr332tz6_bAlBSocn,Tour Time,152150,3911,26,303,0
iEpWz27VDcs,Lindsey Stirling - Brian's Broken Thumb,2014-06-27T18:22:14Z,PLETuopLfmKSMUi8DNr332tz6_bAlBSocn,Tour Time,123717,2829,44,146,0
zAJBlk5JoAY,Thank you!! 100th Video / 5 Million Subscribers,2014-06-25T20:35:28Z,PLETuopLfmKSMUi8DNr332tz6_bAlBSocn,Tour Time,113373,5101,34,400,0
J-rJO7ALI7Q,Bus Ball - Lindsey Stirling,2014-06-24T06:40:07Z,PLETuopLfmKSMUi8DNr332tz6_bAlBSocn,Tour Time,114006,2594,49,139,0
2UfMca2aYnQ,Shopping Shopping Shopping... Lindsey Stirling,2014-06-24T06:39:52Z,PLETuopLfmKSMUi8DNr332tz6_bAlBSocn,Tour Time,103032,3347,25,231,0
DWYkgJJtK80,Smell the Flowers - Lindsey Stirling,2014-06-24T06:39:41Z,PLETuopLfmKSMUi8DNr332tz6_bAlBSocn,Tour Time,111770,4481,31,286,0
GsyJViW-L5s,Father's Day - Lindsey Stirling,2014-06-24T06:39:26Z,PLETuopLfmKSMUi8DNr332tz6_bAlBSocn,Tour Time,186941,4523,56,247,0
er2akBZmuRI,Walmart Fun - Lindsey Stirling,2014-06-15T18:14:58Z,PLETuopLfmKSMUi8DNr332tz6_bAlBSocn,Tour Time,268721,5764,83,423,0
xO3_kYLU_QY,Lindsey Stirling Fashion Show,2014-06-04T16:28:25Z,PLETuopLfmKSMUi8DNr332tz6_bAlBSocn,Tour Time,106809,3617,57,376,0
qTltTK_dko8,Phelba Meets The Dudes - Lindsey Stirling,2014-05-31T18:27:27Z,PLETuopLfmKSMUi8DNr332tz6_bAlBSocn,Tour Time,130781,3737,101,383,0
jMiofxY94Y4,Meet the Crew! - Lindsey Stirling,2014-05-31T18:26:52Z,PLETuopLfmKSMUi8DNr332tz6_bAlBSocn,Tour Time,182858,4353,38,294,0
SBVURA8Jxvo,Lindsey Stirling Learning to Dance,2014-05-31T18:26:11Z,PLETuopLfmKSMUi8DNr332tz6_bAlBSocn,Tour Time,197784,5116,29,275,0
1LGtfp75jcE,Lindsey Stirling - Album Shower,2014-03-14T22:31:27Z,PLETuopLfmKSMUi8DNr332tz6_bAlBSocn,Tour Time,732782,14927,1379,1043,0
4YTrkWherdI,VOTE for the Youtube Awards - Phelba,2013-11-18T20:28:13Z,PLETuopLfmKSMUi8DNr332tz6_bAlBSocn,Tour Time,77629,4285,56,375,0
rPQoq7ThGAU,Lindsey Stirling Tour,2013-10-29T08:41:51Z,PLETuopLfmKSMUi8DNr332tz6_bAlBSocn,Tour Time,1035743,25759,240,5942,0
o__SLe9vD0I,Touring in Asia,2013-10-07T18:43:58Z,PLETuopLfmKSMUi8DNr332tz6_bAlBSocn,Tour Time,185719,4675,31,462,0
ND9NEw_XQY8,Poland B-day - Lindsey Stirling,2013-09-23T07:54:35Z,PLETuopLfmKSMUi8DNr332tz6_bAlBSocn,Tour Time,281293,5472,29,754,0
koCJzCtcuiE,Happy Birthday to Me - Lindsey Stirling,2013-09-23T07:54:15Z,PLETuopLfmKSMUi8DNr332tz6_bAlBSocn,Tour Time,288070,9163,61,2633,0
4PQTMfLM1aE,"""Twist and Shout"" - Lindsey Stirling - Japan",2013-09-17T07:02:00Z,PLETuopLfmKSMUi8DNr332tz6_bAlBSocn,Tour Time,183038,3737,31,436,0
aFCWNYPhzZg,Embarrassing Merry Go Round - Lindsey Stirling,2013-09-11T05:43:45Z,PLETuopLfmKSMUi8DNr332tz6_bAlBSocn,Tour Time,136020,3751,38,591,0
ehqept6EnCg,THANK YOU!!! - 3 million subscribers!,2013-09-11T05:43:45Z,PLETuopLfmKSMUi8DNr332tz6_bAlBSocn,Tour Time,276347,10644,121,1138,0
5qtb8uHs3jo,Koalas - Lindsey Stirling,2013-09-11T05:43:45Z,PLETuopLfmKSMUi8DNr332tz6_bAlBSocn,Tour Time,284514,6868,29,718,0
HKrVejDqNMg,Kangaroo Date - Lindsey Stirling,2013-09-11T05:43:45Z,PLETuopLfmKSMUi8DNr332tz6_bAlBSocn,Tour Time,309135,6782,70,463,0
0WABz9SLehw,Backstage at the Ms. Switzerland Pageant Pt. 2 - Lindsey Stirling,2013-09-11T05:43:45Z,PLETuopLfmKSMUi8DNr332tz6_bAlBSocn,Tour Time,166354,3201,47,804,0
-uk4J0A99DQ,Backstage at the Ms. Switzerland Pageant Pt. 1 - Lindsey Stirling,2013-09-11T05:43:45Z,PLETuopLfmKSMUi8DNr332tz6_bAlBSocn,Tour Time,132584,2760,21,376,0
TB0VcAS98GU,Lindsey Stirling - Japan,2013-09-11T05:43:45Z,PLETuopLfmKSMUi8DNr332tz6_bAlBSocn,Tour Time,274573,5720,57,955,0
Y27ON8Z2kzM,Bad Plane Food - Lindsey Stirling - Korea,2013-09-11T05:39:08Z,PLETuopLfmKSMUi8DNr332tz6_bAlBSocn,Tour Time,241954,5316,193,854,0
cXKCTdzn3G0,Random Clip- She's a Maniac,2013-09-06T12:52:50Z,PLETuopLfmKSMUi8DNr332tz6_bAlBSocn,Tour Time,450649,11082,133,1175,0
ehqept6EnCg,THANK YOU!!! - 3 million subscribers!,2013-09-06T12:52:50Z,PLETuopLfmKSMUi8DNr332tz6_bAlBSocn,Tour Time,276347,10644,121,1138,0
JuRk8iSHlKI,"""Pump Up Time"" -  Lindsey Stirling - Avril Lavigne",2013-09-06T12:48:14Z,PLETuopLfmKSMUi8DNr332tz6_bAlBSocn,Tour Time,499458,8431,191,1000,0
JCrQuQsVGDo,Impromptue Show Jam - Lindsey Stirling,2013-07-06T01:22:26Z,PLETuopLfmKSMUi8DNr332tz6_bAlBSocn,Tour Time,125024,4361,15,533,0
lh4yx_9ijoI,Life on the Road - Lindsey Stirling,2013-07-04T06:26:25Z,PLETuopLfmKSMUi8DNr332tz6_bAlBSocn,Tour Time,1005882,15658,138,1613,0
BSCQ3cFYKz8,Lindsey Stirling #1 Fan in Europe,2013-06-27T22:37:08Z,PLETuopLfmKSMUi8DNr332tz6_bAlBSocn,Tour Time,526362,8794,125,2009,0
BmI7N29__KY,Day in Paris- Lindsey Stirling,2013-06-27T22:36:03Z,PLETuopLfmKSMUi8DNr332tz6_bAlBSocn,Tour Time,239855,5501,33,892,0
sHHIe_quBl4,Kids at Shows: On the Road- Lindsey Stirling,2013-06-27T22:35:47Z,PLETuopLfmKSMUi8DNr332tz6_bAlBSocn,Tour Time,174058,4887,35,644,0
J4rNliEcXg8,Back on Tour: On the Road- Lindsey Stirling,2013-06-27T22:35:05Z,PLETuopLfmKSMUi8DNr332tz6_bAlBSocn,Tour Time,159973,3345,20,628,0
QdE3PDSMwfw,Hooking Gavi Up - Lindsey Stirling,2013-06-27T22:34:40Z,PLETuopLfmKSMUi8DNr332tz6_bAlBSocn,Tour Time,161022,3684,31,1240,0
fXbk7lwUTJA,The Bus-It's a Birthday Party! - Lindsey Stirling,2013-06-27T22:34:16Z,PLETuopLfmKSMUi8DNr332tz6_bAlBSocn,Tour Time,153806,3827,27,646,0
38zb1BvKD9g,Making Valentines- Lindsey Stirling,2013-06-27T22:34:02Z,PLETuopLfmKSMUi8DNr332tz6_bAlBSocn,Tour Time,130786,3559,30,481,0
R4siWAh4bXs,A Boost in Production- Lindsey Stirling,2013-06-27T22:33:44Z,PLETuopLfmKSMUi8DNr332tz6_bAlBSocn,Tour Time,177017,3984,26,630,0
P9Qskb3gQW0,Lindsey Stirling- We're in Europe!,2013-06-27T22:33:01Z,PLETuopLfmKSMUi8DNr332tz6_bAlBSocn,Tour Time,324418,7447,88,2271,0
XgQvtYNjVmE,Batters Up! On the Road- Lindsey Stirling,2013-06-27T22:32:40Z,PLETuopLfmKSMUi8DNr332tz6_bAlBSocn,Tour Time,263077,5176,47,966,0
kOPrGPU-SXE,The Bus - A Happy Easter Indeed - Lindsey Stirling,2013-06-27T22:32:13Z,PLETuopLfmKSMUi8DNr332tz6_bAlBSocn,Tour Time,204747,4460,34,994,0
6-Y_kApCiro,My Girls - Lindsey Stirling,2013-06-27T22:31:53Z,PLETuopLfmKSMUi8DNr332tz6_bAlBSocn,Tour Time,257921,5671,121,711,0
lLQvdTXQ6uE,Lindsey Stirling- Day in the Life,2013-06-27T22:30:44Z,PLETuopLfmKSMUi8DNr332tz6_bAlBSocn,Tour Time,593816,11230,87,1917,0
eH70iWSk-qo,London Rob Got Pruned-Lindsey Stirling,2013-06-27T22:29:02Z,PLETuopLfmKSMUi8DNr332tz6_bAlBSocn,Tour Time,170255,4671,41,814,0
HxJ0NArAVF0,I Want Breakfast! - Lindsey Stirling,2013-06-27T22:28:48Z,PLETuopLfmKSMUi8DNr332tz6_bAlBSocn,Tour Time,212672,5066,65,1095,0
8G4lINw1ddE,Introducing Eppic - Lindsey Stirling,2013-06-27T22:28:30Z,PLETuopLfmKSMUi8DNr332tz6_bAlBSocn,Tour Time,133914,3255,85,530,0
SppjF9PWYFA,Hips Don't Lie - Lindsey Stirling Exercise,2013-06-27T22:27:58Z,PLETuopLfmKSMUi8DNr332tz6_bAlBSocn,Tour Time,313952,3498,96,502,0
mEjdpJUDwi0,CBS This Morning: On the Road -Lindsey Stirling,2012-10-31T20:33:32Z,PLETuopLfmKSMUi8DNr332tz6_bAlBSocn,Tour Time,230719,4323,45,939,0
t_5ozkzxlmA,Meet the crew- Lindsey Stirling tour,2012-10-31T20:33:32Z,PLETuopLfmKSMUi8DNr332tz6_bAlBSocn,Tour Time,175874,3108,25,391,0
jpOvqiURhEI,What Happened in NYC: On the Road- Lindsey Stirling,2012-10-31T20:33:32Z,PLETuopLfmKSMUi8DNr332tz6_bAlBSocn,Tour Time,396771,4564,63,806,0
DDmJxXX1uD4,Animal Print Day: On the Road- Lindsey Stirling,2012-10-31T20:33:32Z,PLETuopLfmKSMUi8DNr332tz6_bAlBSocn,Tour Time,112008,2845,21,460,0
jJq3X2hGMiA,"Ugly Sweaters, and Halloween: On the Road- Lindsey Stirling",2012-10-31T20:33:32Z,PLETuopLfmKSMUi8DNr332tz6_bAlBSocn,Tour Time,253781,4287,53,637,0
iYcIUJGNaME,Lindsey's #1 fan: On the Road- Lindsey Stirling,2012-10-31T20:33:32Z,PLETuopLfmKSMUi8DNr332tz6_bAlBSocn,Tour Time,923801,13440,228,3527,0
7hBu6fuGMRI,School Visit: On the Road- Lindsey Stirling,2012-10-31T20:33:32Z,PLETuopLfmKSMUi8DNr332tz6_bAlBSocn,Tour Time,90667,3088,13,446,0
SJJMNk4Yg9A,Moon Trance - Lindsey Stirling - Olympia - Paris - 27/05/2013 - 1080p,2013-09-06T13:36:18Z,PL588B9D96E2D26A9A,Lindsey Live,87807,639,11,19,0
1NygeBPrlJA,Lindsey Stirling - Michael Jackson Medley - Metro Theatre Sydney - 28 August 2013,2013-09-06T13:36:18Z,PL588B9D96E2D26A9A,Lindsey Live,36696,363,5,15,0
HHz8bIW9nG8,Transcendence Street Jam: Live Music- Lindsey Stirling,2012-11-10T16:02:35Z,PL588B9D96E2D26A9A,Lindsey Live,2218138,39998,237,3375,0
fjD5ndBs5f4,Lindsey Stirling Encore Live at The Metro 29/08/2013,2013-09-06T13:36:18Z,PL588B9D96E2D26A9A,Lindsey Live,18050,158,4,6,0
eht-pRJcunU,Lindsey Stirling Jam Session: Fix You - Coldplay,2013-06-27T23:00:58Z,PL588B9D96E2D26A9A,Lindsey Live,390814,7574,49,629,0
fwqDDFkOaCc,Epic Violin Dance Performance- Lindsey Stirling,2012-02-14T06:04:46Z,PL588B9D96E2D26A9A,Lindsey Live,7939291,79808,882,3575,0
I_YUD6lduZM,Lindsey Stirling Duet - Live dance,2012-02-14T06:05:29Z,PL588B9D96E2D26A9A,Lindsey Live,6121123,66776,587,3296,0
-TdC_jTVHvs,Lindsey Stirling-Anti Gravity (live in Manila),2013-09-06T13:36:18Z,PL588B9D96E2D26A9A,Lindsey Live,15707,148,1,5,0
FjgRMEAattA,"Lindsey Stirling Jam Session: ""Don't You Worry Child"" - Swedish House Mafia",2013-06-27T23:00:48Z,PL588B9D96E2D26A9A,Lindsey Live,390644,8207,50,687,0
janXm1thRhM,Lindsey Stirling - Hip Hop Violin - Pump It,2014-02-04T17:05:26Z,PL588B9D96E2D26A9A,Lindsey Live,572395,4774,295,1083,0
SIp_Q4DQ8uU,Violin Rock,2014-02-04T17:06:41Z,PL588B9D96E2D26A9A,Lindsey Live,3887149,30323,1036,2436,0
PQ9lcuxV78A,Lindsey Stirling - Hip Hop Violin - Right Round,2014-02-04T17:07:01Z,PL588B9D96E2D26A9A,Lindsey Live,409068,5445,105,824,0
QRhaXiUjh3c,The Music Box Tour - Lindsey Stirling,2015-07-27T17:16:51Z,PL588B9D96E2D26A9A,Lindsey Live,697891,26701,181,1202,0
X-AjhXhk19U,Lindsey Stirling - Beauty and the Beast (Official Video),2017-03-13T14:18:02Z,PL7901C8C232406C99,Classy Covers,24331676,533876,7565,10305,0
-onQcF95pfs,My Immortal - Evanescence - Lindsey Stirling cover,2013-07-27T17:26:04Z,PL7901C8C232406C99,Classy Covers,31724765,443115,4025,16387,0
TCL94-MsxYc,Phantom of the Opera - Lindsey Stirling,2012-08-02T14:49:59Z,PL7901C8C232406C99,Classy Covers,64062773,763970,13410,35957,0
b3KUyPKbR7Q,Zelda Medley - Lindsey Stirling,2012-02-14T05:21:00Z,PL7901C8C232406C99,Classy Covers,37772806,537779,7665,45173,0
dQiNVk_u0po,Lord of the Rings Medley - Lindsey Stirling,2012-02-14T05:21:53Z,PL7901C8C232406C99,Classy Covers,56849985,669211,8275,40051,0
KtQb2axKpuw,Star Wars Medley - Lindsey Stirling & Peter Hollens #geekweek,2013-08-09T21:59:39Z,PL7901C8C232406C99,Classy Covers,11183010,198821,4616,14615,0
AuJnvC8voJY,Lindsey Stirling - Dragon Age,2014-11-18T17:47:29Z,PL7901C8C232406C99,Classy Covers,26226038,322429,4966,9429,0
aE2GCa-_nyU,Radioactive - Lindsey Stirling and Pentatonix (Imagine Dragons Cover),2013-06-25T05:15:03Z,PL7901C8C232406C99,Classy Covers,189268540,2202938,57064,102394,0
c5meFtluB9Y,Just Dance 4 - Lindsey Stirling,2013-03-09T18:57:40Z,PL7901C8C232406C99,Classy Covers,8965869,118390,2313,6110,0
MOg8Cz9yfWg,Assassin's Creed III - Lindsey Stirling,2012-11-05T09:45:31Z,PL7901C8C232406C99,Classy Covers,38803421,453901,8882,30269,0
1A3i0GATnRI,What Child is This - Lindsey Stirling,2012-12-15T20:39:11Z,PL7901C8C232406C99,Classy Covers,16779210,177581,2146,11001,0
UQmlzOW-CLY,"""A Thousand Years"" - Christina Perri (ft. Aimée Proal and Lindsey Stirling)",2013-06-25T04:56:31Z,PL7901C8C232406C99,Classy Covers,4373581,62393,1427,3613,0
ar7brs0qOG8,Starships - Lindsey Stirling and Megan Nicole (Nicki Minaj Cover),2013-06-25T04:58:52Z,PL7901C8C232406C99,Classy Covers,15919407,167975,5326,13353,0
0g9poWKKpbU,We Found Love - Lindsey Stirling (VenTribe),2012-05-07T13:46:32Z,PL7901C8C232406C99,Classy Covers,62086017,758307,11004,37492,0
qDsfou6UfjU,Mission Impossible - Lindsey Stirling and the Piano Guys,2013-03-09T18:57:40Z,PL7901C8C232406C99,Classy Covers,10707712,149854,1399,7506,0
3ke-sS8dPKk,Thrift Shop - Lindsey Stirling & Tyler Ward (Macklemore & Ryan Lewis Cover),2013-03-09T18:57:40Z,PL7901C8C232406C99,Classy Covers,19251595,230246,8761,13517,0
KA8a5qibUJU,Zelda Violin Duet - Lindsey Stirling,2012-02-14T05:22:03Z,PL7901C8C232406C99,Classy Covers,8962802,152389,2121,11431,0
jg4sZZaf3Gg,Celtic Carol - Lindsey Stirling,2012-02-14T05:22:42Z,PL7901C8C232406C99,Classy Covers,12616887,122379,1298,6331,0
QmvwWxzg3lc,Silent Night - Lindsey Stirling,2012-02-14T05:22:49Z,PL7901C8C232406C99,Classy Covers,8145538,89167,1036,4901,0
_oNpmSAvpGQ,Game of Thrones - Lindsey Stirling & Peter Hollens (Cover),2012-10-24T06:49:06Z,PL7901C8C232406C99,Classy Covers,17014863,197080,2941,9028,0
YpRyJBoEiMg,"Grenade - Lindsey Stirling, Alex Boye', & the Salt Lake Pops (Bruno Mars Cover)",2012-10-24T06:49:06Z,PL7901C8C232406C99,Classy Covers,10714694,114894,2740,8096,0
FjgRMEAattA,"Lindsey Stirling Jam Session: ""Don't You Worry Child"" - Swedish House Mafia",2013-07-22T16:10:34Z,PL7901C8C232406C99,Classy Covers,390644,8207,50,687,0
eht-pRJcunU,Lindsey Stirling Jam Session: Fix You - Coldplay,2013-07-22T16:10:48Z,PL7901C8C232406C99,Classy Covers,390814,7574,49,629,0
jLnL63cXmD8,Halo Theme - Lindsey Stirling and William Joseph,2013-06-27T23:02:09Z,PL7901C8C232406C99,Classy Covers,23494553,351505,5468,24801,0
lrF814OnFQ4,River Flows In You- Lindsey Stirling,2012-02-14T05:25:06Z,PL7901C8C232406C99,Classy Covers,35772807,411690,4701,16250,0
PEKFx5zwVjw,Lindsey's Beginnings - Lindsey Stirling,2013-10-29T08:36:44Z,PL7901C8C232406C99,Classy Covers,883965,25521,214,3920,0
xwsYvBYZcx4,All Of Me - John Legend & Lindsey Stirling,2014-01-20T19:45:46Z,PL7901C8C232406C99,Classy Covers,134546785,1403228,26674,29606,0
E5TsA6CHpII,Les Misérables Medley - Lindsey Stirling,2015-03-06T19:23:24Z,PL7901C8C232406C99,Classy Covers,7022818,154067,1307,5207,0
xyrnFRghCv4,Lindsey Stirling - Into The Woods Medley,2015-04-03T16:40:51Z,PL7901C8C232406C99,Classy Covers,5561088,123250,1153,2831,0
cv8msHbqaFE,Pure Imagination - Lindsey Stirling & Josh Groban with The Muppets,2015-05-07T16:58:11Z,PL7901C8C232406C99,Classy Covers,3375137,78997,1339,2490,0
janXm1thRhM,Lindsey Stirling - Hip Hop Violin - Pump It,2015-07-01T07:54:11Z,PL7901C8C232406C99,Classy Covers,572395,4774,295,1083,0
6-wEAeNcA_A,Senbonzakura - cover by Lindsey Stirling,2015-01-27T20:53:20Z,PL7901C8C232406C99,Classy Covers,20867872,385657,4188,15294,0
4xcuKEwCDWg,Lindsey Stirling + KHS - It Ain't Me (Selena Gomez & Kygo Cover),2017-07-17T13:59:48Z,PL7901C8C232406C99,Classy Covers,10720362,233728,2566,5527,0
mdkWFPrrZVQ,Lindsey Stirling - Boulevard of Broken Dreams (Green Day Cover),2017-08-09T16:01:46Z,PL7901C8C232406C99,Classy Covers,14883129,332697,3140,6719,0
ukvW7pccZJQ,Don't Worry - Madcon Cover #teamSTARK,2017-09-13T05:03:05Z,PL7901C8C232406C99,Classy Covers,102618,5308,22,275,0
0RkSy6ElNIY,Lindsey Stirling - Dance of the Sugar Plum Fairy (Official Video),2017-10-24T15:00:48Z,PL7901C8C232406C99,Classy Covers,21046148,377524,6728,10152,0
EKkzbbLYPuI,Lindsey Stirling - Carol of the Bells (Official Video),2017-12-01T16:01:17Z,PL7901C8C232406C99,Classy Covers,52086743,914559,13223,20731,0
XfTknZt2DHA,Lindsey Stirling - EndGame of Thrones - War of Music (Official Video),2019-05-16T23:40:39Z,PL7901C8C232406C99,Classy Covers,3007335,148672,2816,3973,0
JEexIgFkMjI,Lindsey Stirling - Lose You Now (feat. Mako),2021-01-13T23:37:52Z,PL0805FB61D7503BC2,Original Music Videos,2476715,111290,1365,4162,0
C8md6yJkUY4,Lindsey Stirling -  Crystallize (from Home For The Holidays),2020-12-21T18:01:15Z,PL0805FB61D7503BC2,Original Music Videos,1486369,87847,1238,6903,0
IFsDAoCHYiQ,Lindsey Stirling - Angels We Have Heard On High (Official Video),2020-12-01T23:37:32Z,PL0805FB61D7503BC2,Original Music Videos,1585643,89811,545,3672,0
VgzTfdzj_Ho,Lindsey Stirling - Guardian,2020-11-07T02:17:38Z,PL0805FB61D7503BC2,Original Music Videos,3461370,156074,1530,6634,0
oQrIbBqV2Ew,Lindsey Stirling - Til The Light Goes Out (Official Video),2020-09-19T00:08:45Z,PL0805FB61D7503BC2,Original Music Videos,5572705,199583,2747,5554,0
b50Gb3bPNI8,Lindsey Stirling - Between Twilight (Official Video),2020-06-20T17:00:19Z,PL0805FB61D7503BC2,Original Music Videos,4182124,172958,1096,5103,0
jyvcg72-reA,Lindsey Stirling - Sleepwalking (Official Video),2020-04-23T02:37:58Z,PL0805FB61D7503BC2,Original Music Videos,5489802,189731,1955,5422,0
QMbyklU3rSM,Lindsey Stirling - We Three Gentlemen - Medley (Official Video),2019-12-03T21:05:20Z,PL0805FB61D7503BC2,Original Music Videos,3799346,141334,1941,4018,0
YRtwJRpEIA0,VOICES - SWITCHFOOT feat. Lindsey Stirling,2020-11-04T23:50:24Z,PL0805FB61D7503BC2,Original Music Videos,2100343,66628,1470,3864,0
VsN7E35LpJE,Lindsey Stirling - Artemis (Official Video),2019-08-30T16:10:32Z,PL0805FB61D7503BC2,Original Music Videos,14338748,383319,3593,11472,0
hY9p4XEIaBU,Lindsey Stirling - The Upside (ft. Elle King) [Fan Lyric Video],2019-11-16T06:12:36Z,PL0805FB61D7503BC2,Original Music Videos,496810,20198,271,1415,0
R8ALe-nVzd8,Lindsey Stirling - The Upside (ft. Elle King) [Official Video],2019-09-09T19:19:43Z,PL0805FB61D7503BC2,Original Music Videos,3177423,94174,1985,2876,0
EJ09pSuA9hw,Lindsey Stirling - Underground (Official Video),2019-06-19T15:00:50Z,PL0805FB61D7503BC2,Original Music Videos,13871319,398273,4178,11820,0
4MCjU-Du3eI,Lindsey Stirling - The Arena (Official Video),2016-06-28T14:39:09Z,PL0805FB61D7503BC2,Original Music Videos,79004655,837337,13552,22774,0
pWn7PYm-W90,Lindsey Stirling - Lost Girls (Official Video),2017-05-11T16:01:05Z,PL0805FB61D7503BC2,Original Music Videos,26032661,340729,4610,8147,0
uCTWBHP6lV0,Lindsey Stirling - Hold My Heart (ft. ZZ Ward) [Official Video],2016-11-16T19:43:25Z,PL0805FB61D7503BC2,Original Music Videos,18200380,194680,8549,6313,0
5xO6AWFHVps,Lindsey Stirling - Prism (Official Video),2016-10-14T20:22:26Z,PL0805FB61D7503BC2,Original Music Videos,11271014,210175,4273,9391,0
_TFwieKKEpk,Lindsey Stirling - Warmer in the Winter (Official Video),2018-12-06T00:11:21Z,PL0805FB61D7503BC2,Original Music Videos,1441636,45198,1516,2013,0
ScVWkYZkZFk,Lindsey Stirling - First Light (Official Video),2018-06-28T15:27:03Z,PL0805FB61D7503BC2,Original Music Videos,12146318,174978,2173,6617,0
-9rdDeWzvsU,Lindsey Stirling + Alexander Jean - Stampede (Official Video),2018-06-19T18:19:43Z,PL0805FB61D7503BC2,Original Music Videos,10137902,168343,2565,4461,0
11S5tcT2Tm0,Lindsey Stirling - Mirage (ft. Raja Kumari) [Official Video],2017-10-11T14:48:52Z,PL0805FB61D7503BC2,Original Music Videos,18172317,278035,5490,7759,0
AlYVNyq2i_0,Lindsey Stirling - Love's Just A Feeling (ft. Rooty) [Official Video],2017-03-06T11:01:48Z,PL0805FB61D7503BC2,Original Music Videos,10966448,179716,4195,5663,0
BIH2XQZcn9I,Lindsey Stirling - Hold My Heart (ft. Phelba) [Official Video],2017-03-20T07:31:45Z,PL0805FB61D7503BC2,Original Music Videos,3698495,87197,2374,3422,0
ytMqO-WQpQ4,Lindsey Stirling - Something Wild ft. Andrew McMahon in the Wilderness (From Disney's Pete's Dragon),2016-08-02T14:40:59Z,PL0805FB61D7503BC2,Original Music Videos,18259759,246035,5984,8740,0
NVqVwk0rJ64,Lindsey Stirling - Heist (Official Video),2016-01-08T00:25:24Z,PL0805FB61D7503BC2,Original Music Videos,7500938,133874,2481,5455,0
1yUYvyAY954,Lindsey Stirling - We Are Giants (ft. Dia Frampton) [Official Video],2015-09-09T19:00:58Z,PL0805FB61D7503BC2,Original Music Videos,13648770,236160,3714,11079,0
QAD0BtEv6-Q,Lindsey Stirling - Take Flight [Official Music Video - YTMAs],2015-03-23T17:00:19Z,PL0805FB61D7503BC2,Original Music Videos,34399912,382719,7491,14222,0
jvipPYFebWc,Roundtable Rival - Lindsey Stirling,2014-10-20T17:05:14Z,PL0805FB61D7503BC2,Original Music Videos,293721249,3252495,76365,63087,0
49tpIMDy9BE,Shatter Me Featuring Lzzy Hale - Lindsey Stirling,2014-04-23T23:20:56Z,PL0805FB61D7503BC2,Original Music Videos,122357606,1317503,22792,35618,0
aHjpOzsQ9YI,Crystallize - Lindsey Stirling (Dubstep Violin Original Song),2012-10-24T06:50:15Z,PL0805FB61D7503BC2,Original Music Videos,243814064,2672757,47626,199793,0
Qg7L0OQiN78,Beyond The Veil - Lindsey Stirling (Original Song),2014-04-08T03:15:53Z,PL0805FB61D7503BC2,Original Music Videos,45770977,434122,5267,14763,0
sf6LD2B_kDQ,Elements - Lindsey Stirling (Dubstep Violin Original Song),2012-10-24T06:50:15Z,PL0805FB61D7503BC2,Original Music Videos,146408047,1277170,20200,66675,0
RrutzRWXkKs,Master of Tides - Lindsey Stirling,2014-08-14T17:05:02Z,PL0805FB61D7503BC2,Original Music Videos,121662212,1095288,19490,22661,0
JGCsyshUU-A,Shadows - Lindsey Stirling (Original Song),2012-02-14T05:18:34Z,PL0805FB61D7503BC2,Original Music Videos,153070870,1282744,19437,61141,0
HZa1iFO0Juk,Minimal Beat - Lindsey Stirling (Original Song),2013-11-15T00:12:12Z,PL0805FB61D7503BC2,Original Music Videos,20300138,169610,1596,8734,0
bqtKpLUd3Ng,Elements (Orchestral Version) - Lindsey Stirling - Dracula,2013-10-12T04:54:39Z,PL0805FB61D7503BC2,Original Music Videos,16861736,152121,1500,7266,0
55_bV4ORRFM,Stars Align - Lindsey Stirling (Original Song),2014-02-07T03:44:45Z,PL0805FB61D7503BC2,Original Music Videos,32954640,306049,4608,11743,0
0dfZ9BXaNyE,Moon Trance - Lindsey Stirling (Original Song),2012-10-24T06:50:15Z,PL0805FB61D7503BC2,Original Music Videos,71899357,647191,13594,32507,0
DHdkRvEzW84,Transcendence (Orchestral)- Lindsey Stirling,2014-03-14T19:57:01Z,PL0805FB61D7503BC2,Original Music Videos,29507186,277898,3892,8242,0
EiyPRqP5glY,Transcendence Music Video - Lindsey Stirling,2012-02-14T05:19:20Z,PL0805FB61D7503BC2,Original Music Videos,26323131,183340,2195,8799,0
inb8MMZ-QmA,Song of the Caged Bird - Lindsey Stirling (Original Song),2012-11-30T00:17:45Z,PL0805FB61D7503BC2,Original Music Videos,24061060,189650,1781,10260,0
vxIOUJ7by6U,Electric Daisy Violin- Lindsey Stirling (Original Song),2012-02-14T05:19:06Z,PL0805FB61D7503BC2,Original Music Videos,60295828,490818,6073,29965,0
pRPOztxXWlQ,Spontaneous Me - Lindsey Stirling (original song),2012-02-14T05:19:27Z,PL0805FB61D7503BC2,Original Music Videos,37377514,359268,3197,20915,0
